leaid,ncessch,report_dis,report_race,report_sex,counselors_fte,psych_fte,law_fte
0400001,040000100120,0,0,0,1,1,0
0400001,040000100616,0,0,1,1,1,0
0400001,040000101204,0,0,1,1,1,0
0400001,040000101871,0,1,1,1,1,0
0400001,040000101872,0,0,0,1,1,0
0400001,040000102344,0,0,0,1,1,0
0400001,040000102484,0,0,0,1,1,0
0400001,040000103334,0,0,0,0,1,0
0400003,040000300147,0,0,0,0,0,1
0400003,040000301198,0,0,0,0,0,1
0400003,040000301458,0,0,0,1,0,1
0400003,040000301969,0,0,0,0,0,1
0400004,040000400912,0,0,0,1,1,1
0400005,040000500629,0,0,0,0,0,0
0400016,040001600476,0,0,0,0,0,0
0400016,040001600481,0,0,0,0,0,0
0400016,040001601942,0,0,0,0,0,0
0400016,040001602442,0,0,0,0,0,0
0400016,040001602443,0,0,0,0,0,0
0400018,040001800496,0,0,0,1,0,0
0400019,040001900498,0,0,0,1,0,0
0400020,040002001179,0,0,0,0,0,0
0400021,040002101276,0,0,0,0,1,0
0400021,040002103446,0,0,0,0,1,0
0400022,040002201354,0,0,0,0,0,0
0400023,040002301352,0,0,0,0,0,0
0400023,040002301355,0,0,0,1,0,0
0400023,040002301524,0,0,0,0,0,0
0400026,040002601389,0,0,0,0,0,0
0400026,040002601459,0,0,0,1,0,0
0400026,040002601460,0,0,0,1,0,0
0400026,040002601767,0,0,0,0,0,0
0400028,040002800528,0,0,0,1,1,0
0400031,040003100689,0,0,0,0,0,0
0400033,040003300703,0,0,0,0,0,0
0400034,040003400707,0,0,0,0,0,0
0400036,040003600709,0,0,0,0,0,0
0400036,040003603421,0,0,0,0,0,0
0400037,040003700712,0,0,0,0,0,0
0400037,040003703168,0,0,0,0,0,0
0400040,040004003343,0,0,0,0,0,0
0400041,040004100718,0,0,0,1,0,1
0400043,040004300733,0,0,0,0,0,0
0400047,040004700744,0,0,0,1,0,1
0400047,040004703031,0,0,0,1,1,0
0400052,040005200752,1,0,0,0,0,0
0400053,040005300754,0,1,0,0,0,0
0400054,040005400756,0,0,0,0,0,0
0400055,040005501731,0,0,0,0,0,0
0400056,040005600781,0,0,0,0,0,0
0400057,040005700784,0,1,1,1,0,0
0400061,040006101742,0,0,0,1,0,0
0400065,040006501599,0,0,0,0,0,0
0400065,040006501600,0,0,0,0,0,0
0400065,040006502685,0,0,0,0,0,0
0400065,040006503395,0,0,0,1,0,0
0400067,040006701901,0,0,0,0,0,0
0400068,040006800825,0,0,0,0,0,0
0400068,040006801745,0,0,0,0,0,0
0400069,040006900826,0,0,0,0,0,0
0400070,040007000831,0,0,1,1,1,0
0400071,040007100832,0,0,0,0,0,0
0400072,040007200834,0,0,0,0,0,0
0400072,040007202264,0,0,0,0,0,0
0400074,040007401604,0,0,0,0,1,1
0400074,040007401605,0,0,0,0,1,1
0400074,040007401759,0,0,0,0,1,1
0400074,040007402185,0,0,0,0,1,1
0400075,040007500893,0,0,0,0,0,0
0400077,040007700943,0,1,1,1,0,0
0400078,040007801006,0,0,0,1,0,0
0400078,040007802386,0,0,0,1,0,0
0400079,040007901008,0,0,0,0,0,0
0400079,040007903035,0,0,0,0,0,0
0400081,040008101010,0,0,1,0,1,0
0400082,040008200006,0,0,0,1,0,0
0400082,040008201457,0,0,1,1,0,1
0400082,040008203225,0,0,0,0,0,0
0400083,040008301011,0,0,0,0,0,0
0400083,040008301014,0,0,0,0,0,0
0400083,040008301015,0,0,0,0,0,0
0400083,040008301016,0,0,0,0,0,0
0400083,040008301017,0,0,0,0,0,0
0400083,040008301018,0,0,0,0,0,0
0400089,040008901063,0,0,0,0,0,0
0400090,040009001066,0,0,0,0,0,0
0400092,040009201075,0,0,0,0,0,0
0400093,040009301086,0,0,0,0,0,0
0400094,040009401109,0,0,0,1,0,1
0400095,040009501114,0,0,0,1,0,0
0400096,040009601174,0,0,0,1,0,0
0400097,040009701178,0,1,0,1,1,0
0400098,040009801180,0,0,0,1,0,0
0400099,040009901182,0,0,1,0,0,0
0400100,040010001714,0,1,1,0,0,0
0400102,040010201582,1,1,1,1,0,0
0400106,040010601892,0,0,0,0,0,0
0400107,040010701590,0,0,0,0,0,0
0400107,040010702650,0,0,0,0,0,0
0400108,040010802145,0,0,0,0,0,0
0400108,040010802146,0,0,0,0,0,0
0400109,040010901592,0,0,0,0,0,0
0400111,040011101594,0,0,0,0,1,0
0400112,040011201595,0,0,0,0,1,0
0400112,040011203179,0,0,0,1,1,1
0400112,040011203279,0,0,0,0,1,0
0400112,040011203340,0,1,0,0,1,0
0400112,040011203365,0,1,0,0,1,0
0400112,040011203475,0,1,1,1,1,1
0400112,040011203570,0,0,0,0,1,0
0400112,040011203573,0,0,1,1,1,1
0400112,040011203576,0,0,0,0,1,0
0400113,040011301601,0,0,0,0,0,0
0400115,040011501617,0,0,0,0,0,0
0400121,040012101581,0,0,0,0,0,0
0400122,040012201585,0,0,0,1,0,0
0400124,040012401589,0,0,0,0,0,0
0400126,040012601620,0,0,0,1,1,0
0400126,040012601778,0,0,0,1,1,0
0400129,040012901790,0,0,0,0,0,0
0400130,040013001803,0,0,0,1,0,0
0400130,040013002569,0,0,0,0,0,0
0400131,040013101781,0,0,0,0,0,0
0400131,040013101960,0,0,0,0,0,0
0400131,040013102070,0,0,0,0,0,0
0400131,040013103274,0,0,0,0,0,0
0400134,040013401786,0,0,0,0,0,0
0400135,040013501748,0,0,0,0,0,0
0400141,040014101657,0,0,0,0,0,0
0400144,040014401717,0,0,0,1,0,0
0400145,040014501750,0,0,0,0,0,0
0400147,040014701787,0,0,0,0,0,0
0400149,040014901897,0,0,0,1,0,0
0400149,040014903386,0,0,0,0,0,0
0400150,040015001793,0,0,0,0,0,0
0400150,040015003403,0,0,0,0,0,0
0400151,040015101747,0,0,0,0,0,0
0400153,040015301902,0,0,0,0,0,0
0400154,040015401770,0,0,0,0,0,0
0400157,040015701728,0,0,0,1,0,0
0400157,040015703046,0,0,0,0,0,0
0400159,040015901791,0,0,0,1,0,0
0400160,040016001779,0,0,0,0,0,0
0400163,040016301820,0,0,0,0,1,0
0400163,040016301821,0,0,0,0,1,1
0400163,040016302429,0,0,0,1,0,0
0400163,040016303138,0,0,0,0,0,0
0400164,040016401726,0,0,0,0,1,0
0400165,040016501755,0,0,0,0,0,0
0400181,040018101889,0,0,0,0,0,0
0400182,040018201890,0,0,0,0,1,0
0400182,040018202964,0,0,0,0,1,0
0400184,040018401713,0,0,0,0,1,0
0400185,040018502147,0,0,0,1,0,0
0400187,040018701906,0,0,0,0,0,0
0400189,040018901907,0,0,0,0,0,0
0400190,040019001908,0,0,0,0,0,0
0400190,040019003247,0,0,0,0,0,0
0400191,040019101909,0,0,0,0,0,0
0400191,040019103434,0,0,0,0,0,0
0400191,040019103557,0,0,0,0,0,0
0400201,040020102069,0,0,0,1,0,0
0400202,040020201959,0,0,0,1,0,0
0400202,040020202312,0,0,0,0,0,0
0400202,040020203141,0,0,0,0,0,0
0400204,040020401962,0,0,0,0,0,0
0400205,040020501963,0,0,0,1,0,0
0400208,040020801970,0,0,0,0,0,0
0400209,040020901973,0,0,0,0,0,0
0400209,040020903364,0,0,0,0,0,0
0400210,040021001974,0,0,0,0,0,0
0400211,040021101975,0,0,0,1,0,0
0400212,040021200060,0,0,0,1,0,0
0400212,040021200061,0,0,0,1,0,0
0400212,040021201120,0,0,0,1,0,0
0400212,040021202444,0,0,0,0,0,0
0400212,040021203232,0,0,0,0,0,0
0400213,040021302100,0,0,0,1,0,0
0400214,040021401980,0,0,0,1,0,0
0400217,040021702010,0,1,0,0,0,0
0400218,040021801913,0,0,0,0,0,0
0400219,040021902011,0,0,0,0,0,0
0400219,040021902328,0,0,0,0,0,0
0400219,040021902338,0,0,0,0,0,0
0400219,040021902367,0,0,0,0,0,0
0400221,040022101921,0,0,0,0,0,0
0400223,040022302199,0,0,0,0,0,0
0400225,040022501887,1,1,1,1,1,0
0400227,040022702017,0,0,0,0,0,0
0400229,040022901918,0,0,0,0,0,0
0400230,040023002171,0,0,0,0,0,0
0400231,040023102021,0,0,1,1,0,0
0400232,040023202022,0,0,0,1,1,0
0400235,040023503157,0,0,0,0,0,0
0400237,040023701925,0,0,0,0,0,0
0400238,040023801854,0,0,0,0,0,0
0400239,040023902533,0,0,0,0,0,0
0400241,040024102029,0,0,0,1,1,0
0400241,040024102957,0,0,0,1,1,0
0400243,040024302030,0,0,0,0,0,0
0400244,040024401855,0,0,0,1,0,0
0400244,040024402153,0,0,0,0,0,0
0400246,040024601856,0,0,0,0,0,0
0400246,040024603028,0,0,0,0,0,0
0400246,040024603494,0,0,0,0,0,0
0400248,040024801923,1,0,0,1,0,0
0400248,040024803089,0,0,0,1,0,0
0400254,040025402074,0,0,0,1,0,0
0400254,040025403420,0,0,0,1,0,0
0400255,040025502075,0,1,1,1,1,0
0400258,040025802079,0,0,0,0,0,0
0400259,040025902080,0,0,0,0,1,0
0400261,040026101916,0,0,0,1,1,0
0400263,040026302083,0,0,0,0,0,0
0400264,040026402084,0,0,0,0,0,0
0400266,040026602089,0,0,0,0,0,0
0400267,040026702091,0,0,0,0,0,0
0400268,040026802092,0,0,0,0,0,0
0400274,040027402020,0,0,0,0,0,0
0400275,040027502077,0,0,0,0,0,0
0400276,040027601841,0,0,0,1,0,0
0400278,040027802168,0,0,0,0,0,0
0400279,040027902170,0,0,0,0,0,0
0400280,040028002186,0,0,0,1,0,0
0400281,040028102187,0,0,1,1,1,0
0400282,040028202232,0,1,0,0,0,0
0400282,040028202993,0,0,0,0,0,0
0400282,040028203457,0,0,0,0,0,0
0400284,040028402095,0,0,0,0,0,0
0400285,040028502173,0,0,0,0,0,0
0400288,040028802176,0,1,1,0,0,1
0400290,040029002177,0,0,0,0,0,0
0400295,040029500149,0,0,0,0,0,0
0400295,040029500326,0,0,0,0,0,1
0400295,040029500327,0,0,0,0,0,0
0400295,040029500328,0,0,0,0,0,0
0400295,040029500881,0,0,0,1,1,1
0400295,040029501126,0,0,0,1,0,0
0400295,040029501495,0,0,0,0,0,0
0400295,040029501544,0,0,0,0,0,0
0400295,040029502661,0,0,0,1,0,1
0400295,040029503234,0,0,0,1,0,0
0400295,040029503325,0,0,0,1,0,1
0400303,040030302181,0,0,0,0,0,0
0400310,040031002370,0,0,0,1,0,0
0400311,040031102151,0,0,0,0,0,0
0400311,040031102919,0,0,0,1,0,0
0400311,040031103001,0,0,0,1,0,0
0400311,040031103144,0,0,0,1,0,0
0400311,040031103186,0,0,0,1,0,0
0400311,040031103189,0,0,0,0,0,0
0400311,040031103292,0,0,0,1,0,0
0400315,040031502217,0,0,0,1,1,0
0400315,040031503318,0,0,0,1,1,0
0400317,040031702202,0,0,0,0,1,0
0400318,040031802203,0,0,0,1,0,0
0400320,040032002227,0,0,0,0,0,0
0400320,040032002576,0,0,0,0,0,0
0400321,040032103565,0,0,0,1,0,0
0400321,NA,0,0,0,NA,NA,NA
0400322,040032202205,0,0,0,0,0,0
0400323,040032302159,0,0,0,0,0,0
0400326,040032602162,0,0,0,0,1,0
0400327,040032702163,0,1,0,1,0,1
0400327,040032702291,0,1,0,0,0,0
0400327,040032702372,0,0,0,0,0,0
0400328,040032802228,0,0,0,0,0,0
0400329,040032903159,0,0,0,1,1,0
0400330,040033002206,0,0,0,1,0,0
0400332,040033202165,0,0,0,0,0,0
0400339,040033901939,0,0,0,0,0,0
0400340,040034001940,0,0,0,1,1,0
0400343,040034302246,0,0,0,0,0,0
0400343,040034303003,0,0,0,0,0,0
0400344,040034403467,0,0,0,0,0,0
0400350,040035002286,0,0,0,0,1,0
0400351,040035102148,0,0,0,1,0,0
0400352,040035201898,0,0,1,0,0,0
0400353,040035301896,0,0,1,1,0,1
0400354,040035401733,0,0,0,0,0,0
0400355,040035501734,0,0,0,0,0,1
0400356,040035602287,0,0,0,0,0,0
0400357,040035701732,0,0,0,0,0,0
0400359,040035902292,0,0,0,0,0,0
0400361,040036102299,0,0,0,1,0,0
0400361,040036103165,0,0,0,1,0,0
0400361,040036103312,0,0,0,0,0,0
0400363,040036302300,0,0,0,0,0,0
0400364,040036400804,0,0,0,1,0,0
0400364,040036402985,0,0,0,1,0,0
0400366,040036602302,1,0,1,0,0,0
0400367,040036702303,0,0,0,1,0,0
0400367,040036703531,0,0,0,1,0,0
0400368,040036802037,0,0,0,0,0,0
0400370,040037001597,0,0,0,0,0,0
0400373,040037302311,0,0,0,0,0,0
0400373,040037302397,0,0,0,0,0,0
0400373,040037302889,0,0,0,0,0,0
0400373,040037302936,0,0,0,0,0,0
0400374,040037402169,0,0,0,0,0,0
0400376,040037602313,0,0,0,0,0,0
0400377,040037702314,0,0,0,0,0,0
0400381,040038102319,0,0,0,0,0,0
0400381,040038102866,0,0,0,0,0,0
0400382,040038202331,0,0,0,1,0,0
0400384,040038401899,0,0,0,0,0,0
0400385,040038502016,0,0,0,0,0,1
0400386,040038601894,0,0,0,0,0,0
0400387,040038701735,0,0,0,0,0,0
0400388,040038801736,0,0,1,0,0,1
0400389,040038901737,0,0,0,1,0,0
0400391,040039103074,0,0,0,0,0,0
0400393,040039302297,0,0,0,0,1,0
0400394,040039402323,0,0,0,0,0,0
0400395,040039502305,0,0,0,0,0,0
0400395,040039502536,0,0,0,0,0,0
0400395,040039502826,0,0,0,0,0,0
0400395,040039503335,0,0,0,0,0,0
0400396,040039602306,0,0,0,0,0,0
0400397,040039703119,0,0,0,0,0,0
0400399,040039902325,0,0,0,0,0,0
0400401,040040101866,0,0,0,0,0,0
0400402,040040201860,0,0,0,0,0,0
0400402,040040203429,0,0,0,0,0,0
0400403,040040301989,0,0,0,1,0,0
0400404,040040401993,0,0,0,1,0,0
0400405,040040502053,0,0,0,1,0,0
0400406,040040602036,0,0,0,0,0,0
0400407,040040702404,0,0,0,1,0,0
0400407,040040702558,0,0,0,0,0,0
0400407,040040703448,0,0,0,0,0,0
0400409,040040902406,0,0,0,1,NA,0
0400413,040041302411,0,0,1,0,0,0
0400413,040041302986,0,0,1,0,0,0
0400414,040041402412,0,0,0,1,0,0
0400415,040041502414,0,0,0,0,0,0
0400417,040041701588,0,0,0,0,0,0
0400419,040041902897,0,0,0,0,1,0
0400420,040042002522,0,0,0,1,0,1
0400420,040042003277,0,0,0,1,0,0
0400423,040042302525,0,0,0,0,0,0
0400424,040042402526,0,0,0,0,0,0
0400425,040042502527,0,0,1,0,0,0
0400426,040042602528,0,0,0,0,0,0
0400427,040042703160,0,0,0,1,0,0
0400429,040042901994,0,0,0,0,0,0
0400432,040043202200,0,0,1,1,0,0
0400432,040043203324,0,0,0,1,0,0
0400438,040043802653,0,0,0,0,0,0
0400439,040043902644,0,0,0,0,0,0
0400440,040044002681,0,1,1,1,0,0
0400441,040044102658,0,0,0,0,0,0
0400442,040044202683,0,0,1,0,0,0
0400444,040044402321,0,0,0,1,1,0
0400445,040044502676,0,0,0,0,0,0
0400446,040044602659,0,0,0,0,0,0
0400447,040044702671,0,0,1,0,0,0
0400448,040044802638,0,0,0,0,0,0
0400450,040045000001,1,0,1,1,1,1
0400450,040045001884,1,1,1,1,1,1
0400450,040045002273,1,0,1,1,1,1
0400450,040045002592,0,1,1,1,1,1
0400459,040045902575,0,0,0,0,1,1
0400463,040046302884,1,1,1,1,1,0
0400463,040046302918,0,0,0,0,1,0
0400463,040046302923,0,0,0,1,1,0
0400480,040048000002,0,0,0,0,0,0
0400480,040048003445,0,0,0,0,0,0
0400520,040052000003,0,1,0,0,0,1
0400520,040052003063,0,1,1,0,0,1
0400600,040060000007,0,0,0,1,1,0
0400600,040060000008,0,0,0,1,1,0
0400600,040060000009,0,0,1,1,1,0
0400600,040060000010,0,0,0,1,1,0
0400600,040060000012,0,0,0,1,1,0
0400600,040060000015,1,1,0,1,1,0
0400600,040060000016,0,0,0,1,1,0
0400600,040060000018,0,0,0,1,1,0
0400600,040060000302,0,1,1,1,1,0
0400600,040060001283,0,0,0,1,0,0
0400600,040060001418,1,1,1,1,1,0
0400600,040060001486,0,0,0,1,1,0
0400600,040060001707,0,0,1,1,1,0
0400600,040060002002,0,1,1,1,1,0
0400608,040060803115,0,1,0,1,0,0
0400610,040061002056,0,0,0,0,0,0
0400610,040061003363,0,0,1,0,0,0
0400614,040061403158,0,0,0,0,0,1
0400616,040061603094,0,0,0,0,0,0
0400618,040061803095,0,0,0,0,0,1
0400619,040061903097,0,1,0,0,0,1
0400621,040062100688,0,0,0,1,0,0
0400621,040062103161,0,0,0,1,0,0
0400625,040062502157,0,0,0,1,0,0
0400626,040062601886,0,0,0,1,0,0
0400630,040063000019,0,0,0,0,0,0
0400632,040063203105,0,1,0,0,1,0
0400633,040063303106,0,0,0,0,0,0
0400633,040063303536,0,0,0,0,0,0
0400636,040063603108,0,0,0,1,0,0
0400636,040063603163,0,0,0,1,0,0
0400637,040063702032,0,0,0,0,0,0
0400638,040063801796,0,0,0,0,0,0
0400638,040063803360,0,0,0,0,0,0
0400638,040063803456,0,0,0,0,0,0
0400640,040064002031,0,0,0,1,0,0
0400640,040064003569,0,0,0,1,0,0
0400641,040064102881,0,0,0,0,0,0
0400649,040064902846,0,0,0,0,0,0
0400649,040064903114,0,0,0,0,0,0
0400650,040065001846,0,0,0,0,0,0
0400653,040065303004,0,0,0,0,0,0
0400653,040065303069,0,0,0,0,0,0
0400655,040065503096,1,1,0,1,0,0
0400656,040065603223,0,0,0,0,0,0
0400680,040068000020,1,0,1,1,1,0
0400680,040068000021,0,0,1,1,1,0
0400680,040068000022,0,0,0,0,0,0
0400680,040068000023,0,0,0,0,0,0
0400680,040068000025,0,1,1,0,1,0
0400680,040068000026,0,0,1,0,1,0
0400680,040068000027,0,1,0,0,1,0
0400680,040068000028,0,0,1,1,0,0
0400680,040068000029,0,0,0,0,1,0
0400680,040068000030,0,0,0,0,1,0
0400680,040068000031,0,1,0,0,1,0
0400680,040068000032,0,0,1,1,1,1
0400680,040068000033,0,0,0,1,1,1
0400680,040068001001,0,1,0,1,1,0
0400680,040068001031,0,0,1,0,1,0
0400680,040068001286,0,0,0,0,0,0
0400680,040068001394,0,0,1,0,1,0
0400680,040068001525,0,0,1,1,1,0
0400680,040068002066,0,0,0,0,1,0
0400680,040068002198,0,0,0,1,1,1
0400680,040068003330,0,0,0,1,0,0
0400680,040068003517,0,0,0,0,1,0
0400720,040072000034,0,0,0,1,1,0
0400720,040072003466,0,0,0,0,0,0
0400745,040074502856,0,0,0,0,1,0
0400746,040074600717,1,0,0,1,1,0
0400746,040074602864,0,0,0,0,1,0
0400747,040074702795,0,0,0,0,0,0
0400748,040074802870,0,0,0,0,0,0
0400750,040075000039,0,0,0,0,0,0
0400751,040075102781,0,0,0,0,0,0
0400754,040075402819,0,0,0,0,0,0
0400755,040075502371,0,0,0,0,0,0
0400755,040075503029,0,0,0,0,0,0
0400756,040075602813,0,0,0,0,0,0
0400757,040075702820,1,1,1,0,0,0
0400758,040075802766,0,0,0,1,0,0
0400760,040076002911,0,0,0,1,0,0
0400763,040076302915,0,1,0,0,0,0
0400764,040076403051,0,0,0,1,0,0
0400766,040076602901,0,0,0,0,0,0
0400768,040076802913,0,0,0,0,0,0
0400769,040076902956,0,0,0,1,0,0
0400770,040077002903,0,0,0,1,0,0
0400771,040077102899,0,0,0,0,0,0
0400773,NA,0,0,0,NA,NA,NA
0400774,040077402934,0,0,0,0,0,0
0400775,040077502916,0,0,0,1,0,0
0400776,040077602387,0,0,0,0,0,0
0400778,040077802902,0,0,0,0,0,0
0400780,040078002928,0,0,0,1,0,0
0400781,040078102910,0,0,0,0,0,0
0400782,040078202954,0,0,0,1,NA,0
0400783,040078302932,0,0,0,1,0,0
0400785,040078502929,0,0,0,0,0,0
0400786,040078602885,0,0,0,0,0,0
0400787,040078702898,0,0,0,1,0,0
0400788,040078802999,0,0,0,0,0,0
0400789,040078902931,0,0,0,0,0,0
0400790,040079000040,0,1,1,1,0,0
0400790,040079000041,1,0,0,1,1,0
0400790,040079000043,0,0,0,1,0,0
0400790,040079001461,0,0,1,1,1,0
0400790,040079002212,0,0,1,1,1,0
0400790,040079003333,0,0,0,0,0,0
0400792,040079202970,0,0,0,0,0,0
0400793,040079302984,0,0,0,0,1,0
0400796,040079602645,0,0,0,0,0,0
0400797,040079702994,0,0,0,0,0,0
0400797,040079703230,0,0,0,0,0,0
0400798,040079803021,0,0,0,0,0,0
0400799,040079902943,0,0,0,0,0,0
0400800,040080003211,0,0,0,0,0,0
0400800,040080003288,0,0,0,0,0,0
0400800,040080003317,0,0,0,1,0,0
0400800,040080003368,0,0,0,0,0,0
0400801,040080102941,0,0,0,0,0,0
0400802,040080202962,0,0,0,1,0,0
0400803,040080302667,0,0,1,0,0,0
0400803,040080303416,0,0,0,0,0,0
0400805,040080503050,0,0,1,0,0,0
0400805,040080503444,0,0,0,0,0,0
0400807,040080702976,0,0,1,1,0,0
0400810,040081003026,0,0,0,1,0,0
0400811,040010301583,0,0,0,NA,NA,NA
0400811,040010302855,0,0,0,NA,NA,NA
0400811,040010302950,0,0,0,NA,NA,NA
0400811,040010301724,0,0,0,NA,NA,NA
0400811,040010302329,0,0,0,NA,NA,NA
0400811,040010302008,0,0,0,NA,NA,NA
0400811,040010302139,0,0,0,NA,NA,NA
0400814,040081402554,0,0,0,1,0,0
0400815,040081503023,0,0,1,0,0,0
0400816,040081602998,0,0,0,0,0,0
0400816,040081603219,0,0,0,0,0,0
0400817,040081703191,0,0,0,0,0,0
0400818,040081803197,0,0,0,1,0,0
0400819,040081903187,0,0,1,0,0,0
0400820,040082002672,0,0,0,1,0,0
0400821,040082103226,0,0,0,1,0,0
0400822,040082203221,0,0,0,0,0,0
0400823,040082303296,0,0,1,0,0,0
0400824,040082403178,0,0,0,0,0,0
0400826,040082603207,0,0,0,0,1,0
0400827,040082703252,0,0,0,1,1,0
0400827,040082703309,0,0,0,1,1,0
0400828,040082803199,0,0,0,0,0,0
0400829,040082903278,0,0,0,1,0,0
0400830,040083003253,0,0,1,1,0,0
0400831,040083103196,0,0,0,1,0,0
0400832,040083203290,0,0,0,0,0,1
0400833,040083303283,0,0,0,0,0,0
0400834,040083403244,0,0,0,0,0,0
0400838,040083803243,0,0,0,0,0,0
0400839,040083903273,0,0,0,0,0,0
0400840,040084000044,0,0,0,0,0,0
0400841,040084103259,0,0,0,0,0,0
0400842,040084203300,0,0,0,0,1,0
0400843,040084303351,0,1,1,1,0,0
0400844,040084403285,0,0,0,0,0,0
0400845,040084503242,0,0,0,0,0,0
0400846,040084603245,0,0,0,0,0,0
0400847,040084703301,0,0,0,0,1,0
0400848,040084803293,0,0,0,0,0,0
0400849,040084903266,1,1,0,0,0,0
0400850,040085003341,0,0,0,0,0,0
0400851,040085103271,0,0,0,0,0,0
0400852,040085203257,0,0,0,1,0,0
0400853,040085303297,0,0,0,0,0,0
0400854,040085403249,0,0,0,0,0,0
0400855,040085503275,0,0,0,0,1,0
0400857,040085703260,0,0,0,1,0,1
0400858,040085803286,0,0,0,1,0,0
0400859,040085903251,0,0,0,1,0,1
0400861,040086103344,0,0,0,1,0,0
0400862,040086201783,1,1,1,0,0,0
0400863,040086303355,0,0,0,1,0,0
0400864,040086403315,0,0,0,1,0,0
0400866,040086603356,0,0,0,0,0,0
0400867,040086703342,1,1,1,0,0,0
0400868,040086803332,0,0,0,0,1,0
0400870,040087000046,0,0,0,0,0,0
0400871,040087103310,0,0,0,0,1,0
0400872,040087203346,0,0,0,0,0,0
0400873,040087303353,0,0,0,0,0,0
0400875,040087503345,0,1,0,0,0,0
0400876,040087603352,0,0,0,0,0,0
0400877,040087703354,0,0,0,0,0,0
0400877,040087703522,0,0,0,0,0,0
0400878,040087803350,0,0,0,1,0,0
0400879,040087903400,0,0,0,0,0,0
0400880,040088003398,0,0,0,1,0,0
0400881,040088103394,0,0,1,0,0,0
0400882,040088203409,0,1,0,0,0,0
0400884,040088403264,0,0,0,1,0,1
0400885,040088503410,0,0,0,0,0,0
0400886,040088603407,0,1,0,0,0,0
0400887,040088703415,0,0,0,0,0,0
0400887,040088703561,0,0,0,0,0,0
0400888,040088803412,0,0,0,0,0,0
0400889,040088903459,0,0,0,0,0,0
0400890,040089003367,0,0,0,1,0,0
0400891,040089103399,0,0,0,0,0,0
0400892,040089203012,0,0,0,0,1,0
0400893,040089303382,0,0,0,0,0,0
0400894,040089403379,0,0,0,0,0,0
0400895,040089502450,1,0,0,1,0,0
0400897,040089703376,0,0,1,1,0,0
0400898,040089803393,0,0,0,1,0,0
0400899,040089903392,0,0,0,0,1,0
0400900,040090003404,0,0,0,1,0,0
0400902,040090203413,0,0,0,1,0,0
0400903,040090303418,0,0,0,1,0,0
0400904,040090403048,0,0,0,0,1,0
0400905,040090503419,0,0,0,0,0,0
0400907,040090703427,0,0,0,0,0,0
0400909,040090903461,0,0,0,1,1,0
0400910,040091000047,0,0,0,0,0,0
0400910,040091000048,0,0,0,0,0,0
0400910,040091001059,0,0,0,0,0,0
0400911,040091103440,0,0,0,0,0,0
0400912,040091203443,0,0,0,1,0,0
0400913,040091303455,0,0,0,0,0,0
0400913,040091303512,0,0,0,0,0,0
0400914,040091403452,0,0,0,0,0,0
0400915,040091503422,0,0,0,0,0,0
0400916,040091603437,0,0,0,0,0,0
0400918,040091803426,0,0,0,0,0,0
0400919,040091903472,0,1,1,0,0,0
0400921,040092103428,0,0,0,1,1,0
0400922,040092203458,0,0,0,0,0,0
0400924,040092403436,0,0,1,1,0,0
0400925,040092503464,1,1,0,0,0,0
0400926,040092603451,0,1,0,0,0,0
0400927,040092703190,0,0,0,0,1,0
0400929,040092903406,0,0,0,0,1,0
0400930,040093003462,0,1,0,0,0,0
0400933,040093303496,0,0,0,0,1,0
0400934,040093403493,0,0,0,0,1,0
0400936,040093603484,0,0,0,0,0,0
0400937,040093703482,0,0,0,0,0,0
0400938,040093803476,0,0,0,0,0,0
0400939,040093903495,0,1,0,0,0,0
0400940,040094003499,0,1,0,0,0,0
0400941,040094103502,0,1,1,0,0,0
0400942,040094203497,0,1,1,0,0,0
0400943,040094303498,0,0,0,0,0,0
0400944,040094403503,0,1,1,0,0,0
0400944,040094403504,0,0,0,0,0,0
0400944,040094403542,0,0,0,0,0,0
0400944,040094403547,0,0,0,0,0,0
0400945,040094503518,0,0,0,0,0,0
0400946,040094603375,0,0,0,1,0,0
0400947,040094703526,0,0,0,1,0,0
0400948,040094803523,0,0,0,0,1,0
0400949,040094903520,0,0,0,1,0,0
0400950,040095003508,0,0,0,0,0,0
0400951,040095103532,0,0,0,0,1,0
0400952,040095203514,0,0,0,0,0,0
0400953,040095303527,0,0,0,0,0,0
0400954,040095403513,0,0,0,0,1,0
0400955,040095503519,0,0,0,0,1,0
0400956,040095603505,0,0,0,0,0,0
0400958,040095803534,0,0,0,0,0,0
0400960,040096000049,0,0,0,1,0,0
0400960,040096000051,0,0,0,1,1,0
0400960,040096001154,0,0,0,1,0,0
0400960,040096001878,0,0,0,1,1,0
0400960,040096002255,0,0,0,1,0,0
0400960,040096002381,0,0,0,1,1,0
0400960,040096002494,0,0,0,1,1,0
0400960,040096002880,0,0,0,1,0,0
0400960,040096003387,0,0,0,1,1,0
0400961,040096103550,0,0,0,0,0,0
0400963,040096303558,0,0,0,0,0,0
0400964,040096403553,0,0,0,0,0,0
0400965,040096503556,0,0,0,0,0,0
0400966,040096603572,0,0,0,1,1,0
0400968,040096803562,0,0,0,0,0,0
0400969,040096903543,0,0,0,0,0,0
0400970,040097003546,0,0,0,0,0,0
0400971,040097103567,0,0,0,0,0,0
0401000,040100000052,0,0,0,1,1,0
0401000,040100000053,0,0,0,1,1,0
0401050,040105000054,0,0,0,0,1,0
0401050,040105000055,0,0,0,0,1,0
0401050,040105000056,0,0,0,0,1,0
0401050,040105003142,0,0,0,0,1,0
0401050,040105003374,0,0,0,0,0,0
0401080,040108000059,0,0,0,0,0,0
0401160,040116000062,0,0,0,0,0,0
0401180,040118000063,0,0,0,1,0,0
0401180,040118000064,0,0,0,0,0,0
0401180,040118000066,0,0,0,0,0,0
0401230,040123000069,0,0,0,0,0,0
0401260,040126000070,0,0,0,1,0,0
0401290,040129000071,0,0,0,0,1,0
0401330,040133000072,0,0,0,0,1,0
0401330,040133000073,0,0,0,0,1,0
0401380,040138002490,0,0,0,1,1,0
0401380,040138002492,0,0,0,0,1,0
0401380,040138002642,0,0,0,1,1,0
0401380,040138002836,0,0,0,1,1,0
0401380,040138003052,0,0,1,1,1,0
0401380,040138003123,0,0,0,1,1,0
0401380,040138003575,0,0,0,1,1,0
0401410,040141000075,0,0,0,1,1,1
0401410,040141002137,1,1,1,1,1,1
0401410,040141002786,0,1,1,1,1,1
0401460,040146000077,0,0,0,1,1,0
0401460,040146000078,0,0,0,1,1,0
0401460,040146000080,0,0,0,1,1,0
0401460,040146000081,0,0,0,1,1,0
0401460,040146001050,0,0,0,1,1,0
0401460,040146001051,0,0,0,1,1,0
0401460,040146001356,0,0,0,1,1,0
0401460,040146003062,0,0,0,1,1,0
0401500,040150000085,0,0,0,1,1,1
0401500,040150000855,0,0,0,1,1,0
0401500,040150001053,0,0,0,1,1,0
0401500,040150001528,0,0,0,1,1,0
0401500,040150001757,0,0,0,1,1,1
0401500,040150002184,0,0,0,1,1,0
0401600,040160000086,0,0,0,1,1,1
0401600,040160000087,0,0,0,1,0,0
0401600,040160001529,0,0,0,1,0,0
0401600,040160003053,0,0,0,1,0,0
0401600,040160003173,0,0,0,1,0,0
0401650,040165000088,0,0,0,0,1,0
0401680,040168000089,0,1,0,0,1,0
0401680,040168000091,0,0,0,0,0,0
0401680,040168000092,0,0,0,1,0,0
0401680,040168000093,0,0,0,1,1,0
0401680,040168000094,0,0,0,1,1,0
0401680,040168000095,0,0,0,0,1,0
0401680,040168000096,0,0,0,0,1,0
0401680,040168000097,0,0,0,0,1,0
0401680,040168000098,0,0,0,0,1,0
0401680,040168000100,0,0,0,0,1,0
0401680,040168000101,0,0,0,0,1,0
0401680,040168000102,0,0,0,1,1,0
0401680,040168000104,0,0,0,0,0,0
0401680,040168000105,0,0,0,0,1,0
0401680,040168001054,0,0,0,0,1,0
0401680,040168001055,0,0,0,0,1,0
0401680,040168001709,1,0,0,1,0,0
0401680,040168002005,0,0,0,0,1,0
0401680,040168002135,0,0,0,0,0,0
0401680,040168002904,0,0,0,1,1,0
0401680,040168003122,0,0,0,0,1,0
0401710,040171000106,0,0,1,0,0,0
0401710,040171000107,1,1,1,0,1,0
0401710,040171000109,0,0,0,0,1,0
0401710,040171000111,0,0,1,0,1,0
0401710,040171000112,0,0,0,0,1,0
0401710,040171001027,0,0,0,0,1,0
0401710,040171001056,0,0,0,0,1,0
0401710,040171001357,1,0,1,0,1,0
0401710,040171002213,0,1,1,0,0,0
0401710,040171002574,0,0,0,0,0,0
0401710,040171002865,0,0,0,0,1,0
0401710,040171002872,0,1,1,0,0,0
0401710,040171003201,0,0,0,0,1,0
0401740,040174000113,0,0,0,1,1,0
0401740,040174002909,0,0,0,1,1,0
0401760,040176000011,0,0,1,1,1,0
0401760,040176000116,0,0,1,1,1,0
0401760,040176000117,0,0,0,1,1,0
0401760,040176001002,0,0,0,1,1,0
0401760,040176001032,0,0,0,1,1,0
0401760,040176001358,0,0,0,1,1,0
0401760,040176001487,0,1,1,1,1,0
0401760,040176001531,0,0,0,0,1,0
0401810,040181000325,0,1,0,1,1,0
0401870,040187000013,0,1,1,1,1,0
0401870,040187000123,0,0,0,1,1,1
0401870,040187000125,0,0,0,1,1,1
0401870,040187000128,0,0,0,1,0,0
0401870,040187000129,0,0,0,1,0,0
0401870,040187000131,0,1,0,1,1,1
0401870,040187000133,0,0,0,1,1,1
0401870,040187000615,0,0,0,1,1,0
0401870,040187001058,0,0,0,0,1,0
0401870,040187001155,0,0,0,1,1,1
0401870,040187001206,0,0,0,1,1,1
0401870,040187001289,0,0,0,1,1,0
0401870,040187001359,0,0,0,0,0,0
0401870,040187001399,0,0,0,1,0,0
0401870,040187001400,0,1,1,1,1,1
0401870,040187001532,0,0,0,1,0,0
0401870,040187001533,0,0,0,1,1,1
0401870,040187001675,0,0,0,1,1,0
0401870,040187001676,0,0,0,0,1,0
0401870,040187001677,0,1,1,1,1,1
0401870,040187001996,0,0,0,1,1,0
0401870,040187002125,0,0,0,1,1,0
0401870,040187002250,1,0,0,1,1,1
0401870,040187002251,0,0,0,1,1,1
0401870,040187002346,0,0,0,1,1,0
0401870,040187002379,0,0,0,0,0,0
0401870,040187002380,0,0,0,1,0,0
0401870,040187002478,0,1,1,1,0,1
0401870,040187002479,0,0,0,1,1,0
0401870,040187002480,0,0,0,1,1,0
0401870,040187002587,0,0,0,0,1,0
0401870,040187002646,0,0,0,1,1,0
0401870,040187002806,0,0,0,1,1,1
0401870,040187002822,0,0,0,1,1,1
0401870,040187002873,0,1,0,1,1,0
0401870,040187002878,0,0,0,0,1,0
0401870,040187002948,0,0,0,1,0,0
0401870,040187002951,0,0,0,1,1,0
0401870,040187002995,0,0,0,1,1,0
0401870,040187003306,0,0,0,1,0,0
0401870,040187003321,0,0,0,1,1,0
0401870,040187003479,0,1,0,1,1,0
0401870,040187003483,0,0,0,1,1,1
0401940,040194000135,1,0,0,1,0,0
0401940,040194000136,0,0,0,0,0,0
0401940,040194000137,0,0,0,1,0,0
0401940,040194000138,0,0,0,1,0,0
0401940,040194000140,0,1,0,1,0,0
0401940,040194000145,0,0,0,1,0,0
0401940,040194001488,0,0,0,1,0,0
0402130,040213000152,0,0,0,1,1,0
0402190,040219000154,1,1,0,1,1,0
0402220,040222002220,0,0,0,0,0,0
0402250,040225000156,0,0,1,0,1,1
0402320,040232000158,0,0,0,1,1,0
0402320,040232000164,0,0,1,0,1,0
0402320,040232001534,0,0,0,1,1,0
0402320,040232002800,0,0,0,0,1,0
0402320,040232003449,0,0,0,0,0,0
0402370,040237000165,0,0,0,0,1,0
0402370,040237000166,0,0,0,0,1,0
0402370,040237000167,0,0,0,0,1,0
0402370,040237001360,0,0,0,0,1,0
0402370,040237003241,0,0,0,0,1,0
0402400,040240000014,0,0,0,1,1,0
0402400,040240000017,0,0,0,1,1,0
0402400,040240000036,0,0,0,1,1,0
0402400,040240000037,0,0,0,1,1,0
0402400,040240000171,0,0,0,1,1,0
0402400,040240001087,0,0,0,1,1,0
0402400,040240001976,0,0,0,0,1,0
0402400,040240002424,0,0,0,1,1,0
0402400,040240002425,0,0,0,1,1,0
0402400,040240002779,0,0,0,1,1,0
0402400,040240002882,0,0,0,0,0,0
0402400,040240003323,0,0,0,1,1,0
0402400,040240003521,0,0,0,0,0,0
0402430,040243000174,1,1,1,0,1,1
0402430,040243000176,0,1,1,0,1,1
0402430,040243000177,1,1,1,0,1,1
0402430,040243000178,0,0,0,0,1,1
0402430,040243000179,1,1,1,0,1,1
0402430,040243000180,0,1,1,0,1,1
0402430,040243000181,0,1,1,0,1,1
0402430,040243001704,0,0,0,0,1,1
0402430,040243001999,0,0,0,0,1,1
0402460,040246000182,0,0,0,0,0,0
0402480,040248001210,0,0,0,0,0,1
0402480,040248001536,0,0,0,0,0,0
0402490,040249000183,0,0,0,0,0,0
0402530,040253000185,0,0,1,1,1,0
0402530,040253000186,0,0,0,0,1,0
0402530,040253000187,0,0,1,1,1,0
0402530,040253000190,0,0,1,0,1,0
0402530,040253000191,0,0,0,0,1,0
0402530,040253000192,0,0,0,0,1,0
0402530,040253000193,0,1,1,0,1,0
0402530,040253000194,1,1,1,1,1,0
0402600,040260000195,0,0,0,0,0,0
0402600,040260000196,0,0,0,0,0,0
0402690,040269000197,0,1,1,0,1,0
0402690,040269000198,0,0,0,1,1,0
0402690,040269000199,0,1,1,0,1,0
0402690,040269000200,0,0,1,0,1,0
0402690,040269000201,0,1,1,0,1,0
0402690,040269001462,0,0,0,0,1,0
0402690,040269002126,0,0,0,0,1,0
0402690,040269002340,0,0,1,0,1,0
0402690,NA,0,0,0,NA,NA,NA
0402690,040269002401,0,1,1,0,1,0
0402690,040269002402,0,0,1,0,1,0
0402690,040269002481,0,0,0,0,1,0
0402690,040269002482,0,1,1,0,1,0
0402690,040269002649,0,0,0,0,1,0
0402690,040269002655,0,0,1,0,1,0
0402690,040269002679,0,1,1,0,1,0
0402690,040269002684,0,0,0,1,1,0
0402690,040269002780,0,1,1,0,1,0
0402690,040269002837,0,0,0,0,1,0
0402690,040269002907,0,1,1,0,1,0
0402690,040269002971,0,0,1,1,1,0
0402690,040269003124,0,0,0,0,1,0
0402690,040269003125,0,0,1,0,1,0
0402690,040269003126,0,0,0,1,1,0
0402690,040269003193,0,0,0,0,0,0
0402740,040274000203,0,0,1,1,1,0
0402740,040274001625,0,0,0,1,1,0
0402760,040276000204,0,0,0,0,0,0
0402790,040279000207,0,0,0,1,1,0
0402790,040279000209,0,0,0,1,1,0
0402790,040279001060,0,0,0,1,1,0
0402860,040286000212,0,0,0,1,0,0
0402860,040286000214,0,0,0,1,0,0
0402860,040286000215,0,1,1,1,0,0
0402860,040286000217,0,0,0,0,0,0
0402860,040286000218,0,0,0,0,0,0
0402860,040286000219,0,0,1,0,0,0
0402860,040286000220,0,0,0,1,0,0
0402860,040286000222,0,0,0,1,0,0
0402860,040286000225,0,0,0,1,0,0
0402860,040286001158,0,1,1,1,0,0
0402860,040286001363,0,0,0,0,0,0
0402860,040286001364,0,0,0,1,0,0
0402860,040286001463,0,0,0,1,0,0
0402860,040286002097,0,0,0,0,0,0
0402860,040286002961,0,1,1,1,0,0
0402860,040286003506,0,0,0,0,0,0
0402920,040292000227,1,1,0,0,1,0
0402920,040292000228,1,1,0,1,1,0
0402920,040292002210,1,1,0,0,1,0
0402920,040292002436,1,1,0,0,1,0
0402920,040292002559,1,1,1,0,1,0
0402920,040292002637,1,1,0,0,1,0
0402920,040292002862,1,1,1,0,1,0
0402920,040292002893,1,1,1,0,1,0
0402920,040292002896,1,1,1,1,1,0
0402920,040292002972,1,1,1,1,1,0
0402920,040292002987,1,1,0,1,1,0
0402920,040292003079,1,0,1,0,1,0
0403010,040301000231,1,0,1,1,1,0
0403010,040301000232,0,0,0,1,1,0
0403010,040301000233,0,0,0,0,1,0
0403010,040301000236,0,0,0,0,1,0
0403010,040301000237,0,0,0,0,1,0
0403010,040301001000,0,0,0,0,1,0
0403010,040301001033,0,1,0,0,1,0
0403010,040301001489,0,0,0,0,1,0
0403010,040301001611,0,0,0,0,1,0
0403010,040301002065,0,0,0,0,1,0
0403010,040301003331,0,0,0,0,0,0
0403040,040304000038,0,0,0,1,1,1
0403040,040304000639,0,0,0,1,1,1
0403040,040304001296,0,0,0,1,1,0
0403060,040306000240,0,0,0,0,1,1
0403060,040306000679,0,0,1,1,1,1
0403060,040306001159,0,0,0,0,1,0
0403060,040306002355,0,0,0,0,0,1
0403060,040306002495,0,0,0,0,1,1
0403060,040306003084,0,0,0,0,1,1
0403060,040306003085,0,1,1,1,1,1
0403080,040308000241,0,0,0,1,0,0
0403080,040308000242,0,0,0,1,0,0
0403150,040315000244,0,0,0,1,1,0
0403150,040315000245,0,0,0,1,1,0
0403150,040315000247,0,0,0,1,1,0
0403200,040320000248,0,0,1,0,0,1
0403200,040320000249,0,0,1,1,0,0
0403200,040320002946,0,0,0,0,0,0
0403200,040320003460,0,0,0,0,0,0
0403240,040324000250,0,0,0,1,1,0
0403240,040324001101,0,0,0,1,1,0
0403240,040324001108,0,0,0,0,1,0
0403240,040324001213,0,0,0,1,1,0
0403240,040324001806,0,0,0,1,1,0
0403240,040324002388,0,0,0,1,1,0
0403240,040324002389,0,0,0,1,1,0
0403240,040324003066,0,0,0,1,1,0
0403240,040324003116,0,0,0,1,1,0
0403290,040329000251,0,0,0,1,0,0
0403290,040329000252,0,0,0,1,0,0
0403290,040329000254,0,0,0,1,0,0
0403290,NA,0,0,0,NA,NA,NA
0403310,040331000255,0,0,0,0,0,0
0403310,040331000256,0,1,0,1,0,0
0403400,040340000246,0,1,1,1,1,1
0403400,040340000257,0,0,0,0,1,0
0403400,040340000258,1,1,0,1,1,1
0403400,040340000260,0,0,0,0,1,0
0403400,040340000261,0,0,1,0,1,0
0403400,040340000265,0,0,0,0,1,0
0403400,040340000594,0,0,1,1,0,0
0403400,040340000595,0,0,0,0,1,0
0403400,040340000596,0,1,0,0,1,0
0403400,040340000601,0,0,0,0,1,0
0403400,040340000602,0,0,0,0,1,0
0403400,040340001064,0,1,0,0,1,0
0403400,040340001192,0,1,0,0,1,0
0403400,040340001215,0,0,0,0,1,0
0403400,040340001216,0,1,1,1,1,0
0403400,040340001365,0,0,0,0,1,0
0403400,040340001366,0,0,0,0,1,0
0403400,040340001401,0,0,0,0,1,0
0403400,040340001490,0,1,0,0,1,0
0403400,040340001537,0,0,0,0,1,0
0403400,040340001669,0,1,1,1,1,0
0403400,040340001670,0,1,1,1,1,1
0403400,040340001838,0,0,1,0,1,0
0403400,040340001839,0,0,1,0,1,0
0403400,040340001984,0,0,0,0,1,0
0403400,040340001985,0,0,1,0,1,0
0403400,040340001986,0,0,0,0,1,0
0403400,040340002112,0,1,1,1,1,0
0403400,040340002114,0,0,0,0,1,0
0403400,040340002283,0,0,1,1,1,1
0403400,040340002284,0,1,0,0,1,0
0403400,040340002432,0,1,1,1,1,0
0403400,040340002476,0,1,0,0,1,0
0403400,040340002662,0,0,0,0,1,0
0403400,040340002777,0,1,1,1,1,0
0403400,040340002833,0,0,0,0,1,0
0403400,040340002840,0,0,1,1,1,0
0403400,040340002965,0,0,0,1,1,1
0403400,040340003146,0,0,0,0,1,0
0403400,040340003261,0,0,0,0,0,0
0403400,040340003262,0,0,0,0,0,0
0403420,040342000058,0,0,1,1,1,0
0403420,040342000262,0,0,1,1,1,0
0403420,040342000263,0,0,1,1,1,0
0403420,040342000264,0,0,1,1,1,0
0403420,040342000266,0,0,1,1,1,0
0403420,040342000267,0,0,1,1,1,0
0403420,040342000268,0,0,1,1,1,0
0403420,040342000269,0,0,1,1,1,0
0403420,040342000270,0,0,1,1,1,0
0403420,040342000271,0,0,1,1,1,0
0403420,040342000272,0,0,1,1,1,0
0403420,040342001254,0,0,1,1,1,0
0403420,040342001402,0,0,1,1,1,0
0403420,040342001538,0,0,1,1,1,0
0403420,040342002121,0,0,1,1,1,0
0403420,040342002281,0,0,0,1,1,0
0403420,040342002493,0,0,1,1,1,0
0403450,040345000275,0,0,0,1,1,1
0403450,040345000277,0,0,0,1,1,0
0403450,040345000278,0,0,0,1,1,1
0403450,040345000279,0,0,0,1,1,0
0403450,040345000280,0,0,0,1,1,0
0403450,040345000281,0,0,0,1,1,0
0403450,040345000282,0,0,0,1,1,0
0403450,040345000283,0,0,0,1,1,0
0403450,040345000284,0,0,0,1,1,1
0403450,040345001574,0,0,0,1,0,0
0403450,040345003510,0,0,0,1,0,0
0403500,040350000287,0,0,0,1,0,0
0403500,040350000289,0,0,0,1,0,0
0403500,040350002422,0,0,0,0,0,0
0403550,040355000290,0,0,0,1,0,0
0403550,040355000291,0,0,0,1,0,0
0403660,040366000065,0,0,0,0,0,0
0403730,040373000293,0,0,0,1,1,0
0403730,040373000295,0,0,0,1,1,0
0403780,040378001392,0,0,0,0,1,0
0403780,040378001987,0,0,0,0,1,0
0403780,040378002118,0,0,0,0,1,0
0403780,040378002119,0,0,0,1,1,0
0403780,040378002356,0,0,0,0,1,0
0403780,040378002477,0,0,1,0,1,0
0403780,040378002663,0,0,1,0,1,0
0403780,040378002805,0,0,0,0,1,0
0403780,040378002835,0,0,0,1,1,0
0403780,040378003007,0,0,1,0,1,0
0403780,040378003361,0,0,0,0,1,0
0403780,040378003381,0,0,1,1,1,0
0403780,040378003401,0,0,0,1,1,0
0403780,040378003417,0,0,0,0,1,0
0403780,040378003490,0,0,0,0,1,0
0403820,040382000298,0,0,0,1,0,0
0403820,040382000299,0,0,0,1,0,0
0403820,040382000300,0,1,0,1,0,0
0403820,040382000301,0,0,0,1,0,0
0403820,040382002239,0,0,0,1,0,0
0403860,040386000068,0,0,0,0,0,0
0403860,040386000079,0,0,0,0,0,0
0403860,040386002365,0,0,0,0,0,0
0403860,040386003209,0,0,0,0,0,0
0403860,040386003535,0,0,0,0,0,0
0403860,040386003552,0,0,0,0,0,0
0403870,040387000306,0,0,0,1,1,1
0403870,040387000307,0,0,1,0,1,0
0403870,040387000308,0,0,0,0,1,0
0403870,040387000381,0,0,1,0,1,0
0403870,040387001041,0,0,0,0,1,0
0403870,040387001057,0,0,1,0,0,0
0403870,040387001228,0,0,1,0,1,0
0403870,040387001465,0,0,1,0,1,0
0403870,040387002563,0,0,1,0,1,0
0403870,040387002926,0,0,0,0,1,0
0403900,040390000309,1,0,0,0,0,0
0403950,040395000310,0,0,0,1,0,1
0403950,040395000311,0,0,0,0,0,0
0403950,040395000312,0,0,0,1,0,0
0403950,040395000313,0,0,0,0,0,1
0403950,040395003210,0,0,0,0,0,0
0403950,040395003222,0,0,0,0,0,0
0403950,040395003566,0,0,0,1,0,0
0403960,040396000314,0,0,0,1,1,0
0403960,040396000315,1,1,1,1,1,1
0403960,040396000316,0,0,0,1,1,0
0403960,040396000317,0,0,0,1,1,0
0403960,040396000318,0,0,0,0,1,0
0403960,040396000319,0,0,0,1,1,0
0403960,040396000650,0,0,0,1,1,1
0403960,040396001542,0,0,1,1,0,0
0403960,040396001543,0,0,0,0,1,0
0403960,040396001876,0,0,0,1,1,0
0403960,040396002282,1,1,1,0,1,0
0403990,040399000320,0,0,1,1,0,0
0403990,040399002561,0,0,0,0,1,0
0403990,040399002811,0,0,1,1,1,0
0403990,040399002895,0,0,1,1,1,0
0403990,040399002938,0,0,0,0,1,0
0403990,040399003067,0,0,1,1,1,0
0403990,040399003231,0,0,0,1,0,0
0404010,040401000321,0,0,0,1,0,0
0404010,040401000322,0,0,0,1,0,0
0404010,040401002542,0,0,0,0,0,0
0404060,040406000324,0,0,0,1,1,0
0404060,040406001160,0,0,1,1,1,0
0404060,040406001161,0,0,0,1,1,0
0404170,040417000330,0,0,0,0,0,0
0404230,040423000083,0,0,0,0,1,0
0404230,040423000099,0,0,0,0,1,0
0404230,040423000297,0,0,0,0,1,0
0404230,040423000332,0,0,0,0,1,0
0404230,040423000334,0,0,0,0,1,1
0404230,040423000335,0,0,0,0,1,0
0404230,040423000336,0,0,0,0,1,0
0404230,040423000653,0,0,0,1,1,1
0404230,040423000656,0,0,0,0,1,0
0404230,040423000660,0,0,0,0,1,0
0404230,040423000665,0,0,0,0,1,0
0404230,040423000677,0,0,0,0,1,0
0404230,040423001127,0,0,0,0,1,0
0404230,040423001128,0,0,0,0,1,0
0404230,040423001231,0,0,0,0,1,0
0404230,040423001299,0,0,0,0,1,0
0404230,040423001300,0,0,0,1,1,1
0404230,040423001370,0,0,0,0,1,0
0404230,040423001371,0,0,0,0,1,0
0404230,040423001405,0,0,0,0,1,0
0404230,040423001466,0,0,0,0,1,0
0404230,040423001496,0,0,0,0,1,0
0404230,040423001546,0,0,0,0,1,0
0404230,040423001877,0,0,0,0,1,0
0404230,040423002000,0,0,0,0,1,0
0404280,040428000337,0,0,0,0,0,0
0404280,040428000338,0,0,0,1,0,0
0404280,040428000339,0,0,0,0,0,0
0404280,040428000340,0,0,0,0,0,0
0404280,040428000433,0,0,0,1,0,0
0404280,040428001129,0,0,0,0,0,0
0404280,040428001130,0,0,0,0,0,0
0404280,040428002182,0,0,0,0,0,0
0404290,040429000341,0,0,0,1,1,1
0404290,040429000342,0,0,0,1,1,1
0404290,040429001391,0,0,0,1,0,1
0404290,040429002398,0,0,0,1,1,1
0404290,040429002769,0,0,0,1,1,1
0404290,040429002845,0,0,0,1,1,1
0404290,040429003336,0,0,0,1,1,1
0404290,040429003530,0,0,0,1,1,1
0404320,040432000343,0,0,0,1,1,0
0404320,040432001467,0,0,0,0,1,0
0404320,040432002133,0,0,0,1,1,0
0404320,040432002383,0,0,0,0,1,0
0404320,040432002489,0,0,0,1,1,0
0404320,040432003480,0,0,0,0,1,0
0404380,040438000344,0,0,0,0,1,0
0404380,040438000345,0,1,1,0,1,0
0404380,040438001420,0,1,1,0,1,0
0404380,040438001547,0,1,1,0,1,0
0404380,040438001881,0,0,1,0,1,0
0404380,040438002003,0,0,0,0,1,0
0404380,040438002004,0,1,1,0,1,0
0404380,040438002342,0,1,0,0,0,0
0404380,040438002430,0,0,0,0,1,0
0404380,040438002431,0,0,1,0,1,0
0404380,040438002499,0,1,1,0,1,0
0404380,040438002782,0,1,0,0,1,0
0404380,040438003036,0,1,1,0,1,0
0404380,040438003185,0,1,0,0,1,0
0404380,040438003478,0,0,0,0,1,0
0404410,040441001302,0,0,0,0,0,0
0404410,040441002418,0,0,0,1,0,0
0404440,040444000347,0,0,0,0,1,0
0404440,040444002247,0,0,0,0,1,0
0404440,040444002435,0,0,0,0,1,0
0404440,040444002497,0,0,0,0,1,0
0404440,040444002771,0,0,0,0,1,0
0404440,040444002908,0,0,0,0,1,0
0404440,040444003533,0,0,0,0,1,0
0404500,040450000353,0,0,0,0,1,0
0404500,040450000354,0,0,0,0,1,0
0404500,040450000355,0,0,0,0,1,0
0404500,040450000357,0,0,0,0,1,0
0404500,040450000358,0,0,0,0,1,0
0404500,040450000359,0,0,0,0,1,0
0404500,040450000678,0,0,0,0,1,0
0404500,040450002874,0,0,0,0,1,0
0404530,040453000361,1,0,1,0,0,0
0404570,040457000363,0,0,1,0,1,0
0404570,040457000364,0,0,0,0,1,0
0404570,040457000365,0,0,0,1,1,1
0404570,040457000366,0,0,0,1,1,1
0404630,040463000333,0,0,0,1,1,0
0404630,040463000367,0,0,0,1,1,0
0404630,040463000368,0,0,0,1,1,1
0404630,040463000369,0,0,0,1,1,0
0404630,040463000370,0,0,0,1,1,1
0404630,040463000984,0,0,0,1,1,0
0404630,040463000999,0,0,0,0,0,0
0404630,040463001069,0,0,0,1,1,0
0404630,040463001131,0,0,0,1,1,1
0404630,040463001163,0,0,0,1,1,0
0404630,040463001164,0,0,0,1,1,0
0404630,040463001165,0,0,0,1,1,0
0404630,040463001372,0,0,0,1,1,1
0404630,040463001408,0,0,0,1,1,0
0404630,040463002197,0,0,0,1,1,0
0404630,040463002784,0,0,0,1,1,0
0404630,040463003302,0,0,0,1,0,0
0404630,040463003516,0,0,0,1,1,0
0404720,040472000371,0,0,0,1,1,0
0404720,040472000372,0,0,0,1,1,1
0404720,040472001468,0,0,0,1,1,1
0404720,040472002560,0,0,0,1,1,0
0404720,040472002665,0,0,0,1,1,0
0404720,040472002914,0,0,0,1,1,1
0404720,040472002920,0,0,1,1,1,0
0404720,040472002922,0,0,0,1,1,0
0404720,040472003113,0,0,0,1,1,0
0404770,040477001005,0,0,0,1,1,0
0404770,040477002400,0,0,0,1,1,0
0404820,040482000374,0,1,1,0,0,1
0404820,040482000375,0,0,1,0,0,1
0404860,040486000376,1,0,0,0,0,0
0404920,040492000377,0,0,0,0,0,0
0404970,040497000118,0,0,1,0,0,0
0404970,040497000229,0,0,0,1,1,0
0404970,040497000230,0,0,0,0,0,0
0404970,040497000378,0,0,1,0,1,0
0404970,040497000380,0,0,0,1,1,1
0404970,040497000382,0,0,0,1,0,0
0404970,040497000383,0,0,1,1,1,0
0404970,040497000384,0,0,1,1,0,0
0404970,040497000385,0,0,0,1,1,0
0404970,040497000386,0,0,0,0,0,0
0404970,040497000387,0,0,1,1,1,1
0404970,040497000388,0,0,0,0,0,0
0404970,040497000389,0,0,0,0,1,0
0404970,040497000391,0,0,0,0,1,0
0404970,040497000393,0,0,0,1,1,0
0404970,040497000394,0,0,1,0,1,0
0404970,040497000396,0,0,1,1,1,1
0404970,040497000397,0,0,0,1,0,0
0404970,040497000398,0,0,0,1,1,0
0404970,040497000399,0,0,1,0,1,0
0404970,040497000400,0,0,0,1,1,0
0404970,040497000401,0,0,0,1,1,0
0404970,040497000402,0,0,0,0,0,0
0404970,040497000404,0,0,1,1,1,1
0404970,040497000406,0,0,1,1,1,1
0404970,040497000409,0,0,1,1,1,1
0404970,040497000411,0,0,0,0,1,0
0404970,040497000412,0,0,1,1,1,1
0404970,040497000413,0,0,1,0,1,0
0404970,040497000415,0,0,1,0,1,0
0404970,040497000416,0,0,0,1,0,0
0404970,040497000417,0,0,0,0,0,0
0404970,040497000418,0,0,1,1,1,0
0404970,040497000419,0,0,1,1,1,1
0404970,040497000420,0,0,0,0,1,0
0404970,040497000421,0,0,1,0,0,0
0404970,040497000551,0,0,0,0,1,0
0404970,040497000553,0,0,0,0,1,0
0404970,040497000580,0,0,0,1,1,0
0404970,040497001070,0,0,0,0,1,0
0404970,040497001071,0,0,1,1,1,0
0404970,040497001072,0,0,0,0,1,0
0404970,040497001073,0,0,0,0,1,0
0404970,040497001074,0,0,0,1,1,0
0404970,040497001132,0,0,1,1,1,1
0404970,040497001166,0,0,0,1,0,0
0404970,040497001167,0,0,0,0,0,0
0404970,040497001186,0,0,0,0,0,0
0404970,040497001188,0,0,0,0,0,0
0404970,040497001233,0,0,1,1,1,0
0404970,040497001234,0,0,1,1,1,1
0404970,040497001305,0,0,1,1,1,0
0404970,040497001374,0,0,0,1,1,0
0404970,040497001375,0,0,0,1,1,0
0404970,040497001376,0,0,1,1,1,0
0404970,040497001409,0,0,0,1,1,0
0404970,040497001410,0,0,0,1,1,0
0404970,040497001411,0,0,1,1,1,1
0404970,040497001469,0,0,0,1,0,0
0404970,040497001497,0,0,0,0,1,0
0404970,040497001550,0,0,1,1,1,0
0404970,040497001667,0,0,0,0,1,0
0404970,040497001827,0,0,0,0,1,0
0404970,040497001830,0,0,1,1,1,1
0404970,040497001831,0,0,0,1,0,1
0404970,040497001832,0,0,0,1,0,0
0404970,040497001981,0,0,1,1,1,0
0404970,040497002108,0,0,0,1,0,0
0404970,040497002109,0,0,0,0,1,0
0404970,040497002110,0,0,0,1,1,0
0404970,040497002280,0,0,0,0,1,0
0404970,040497002337,0,0,0,0,0,0
0404970,040497002770,0,0,0,0,0,0
0404970,040497003005,0,0,0,0,0,0
0404970,040497003205,0,0,0,0,0,0
0404970,040497003229,0,0,1,1,1,1
0404970,040497003348,0,0,0,0,0,0
0404970,040497003377,0,0,0,0,1,0
0404970,040497001831,0,0,0,0,0,0
0404970,NA,0,0,0,NA,NA,NA
0404970,NA,0,0,0,NA,NA,NA
0404970,NA,0,0,0,NA,NA,NA
0404970,NA,0,0,0,NA,NA,NA
0404970,NA,0,0,0,NA,NA,NA
0405030,040503001077,1,1,0,1,1,1
0405030,040503001134,0,0,0,0,1,1
0405030,040503002789,0,0,0,0,1,1
0405030,040503003134,0,1,0,0,1,1
0405070,040507000430,0,0,1,1,1,1
0405100,040510000431,0,0,0,0,0,0
0405190,040519001414,0,0,0,0,0,0
0405190,040519001415,0,0,0,0,0,0
0405190,040519001758,0,0,0,0,0,0
0405220,040522000436,0,0,0,0,0,0
0405320,040532000438,0,0,0,0,0,0
0405320,040532000441,0,0,0,1,0,0
0405320,040532003369,0,0,0,1,0,0
0405340,040534000442,0,0,0,1,0,0
0405360,040536000961,0,0,0,0,0,0
0405360,040536000963,0,0,0,0,0,0
0405400,040540000445,0,0,0,1,1,0
0405400,040540000446,0,0,0,1,1,0
0405400,040540000447,1,0,0,1,1,0
0405400,040540001309,0,0,0,1,1,0
0405430,040543000448,0,0,1,0,1,0
0405460,040546000449,0,0,0,1,0,0
0405460,040546002875,0,0,0,1,0,0
0405500,040550001237,0,0,0,0,0,0
0405530,040553000451,0,0,0,1,0,0
0405530,040553000453,0,0,0,1,0,0
0405530,040553000454,0,0,0,1,0,0
0405530,040553000455,0,0,0,1,0,1
0405530,040553000456,0,0,0,1,0,1
0405530,040553001034,0,0,0,1,0,0
0405530,040553001238,0,0,0,1,0,1
0405530,040553001310,0,0,0,1,0,0
0405530,040553001470,0,0,0,1,0,0
0405530,040553001552,0,0,0,1,0,0
0405640,040564001416,0,0,0,0,0,0
0405670,040567000459,0,1,0,0,1,1
0405670,040567000460,0,0,0,0,1,0
0405670,040567000461,0,1,0,0,1,0
0405670,040567000464,0,0,0,0,1,0
0405670,040567001170,0,0,0,0,1,0
0405670,NA,0,0,0,NA,NA,NA
0405730,040573000466,0,0,0,0,0,0
0405760,040576000467,0,0,0,0,0,0
0405820,040582000468,0,0,0,1,1,0
0405820,040582000469,0,1,1,1,1,1
0405820,040582001078,0,0,0,1,1,0
0405820,040582001312,0,0,0,1,1,0
0405820,040582003492,0,0,0,0,0,0
0405850,040585000470,0,0,1,0,0,0
0405880,040588000471,0,0,0,1,1,0
0405880,040588001498,0,0,0,1,1,0
0405880,040588001818,0,0,0,0,0,0
0405930,040593000126,0,0,0,0,1,1
0405930,040593000130,0,0,0,0,1,1
0405930,040593000276,0,0,0,0,1,0
0405930,040593000473,0,0,0,0,1,1
0405930,040593000475,0,0,0,0,1,1
0405930,040593000477,0,0,0,0,1,0
0405930,040593000478,0,0,0,0,1,0
0405930,040593000479,0,0,1,1,1,0
0405930,040593000482,0,0,0,0,1,1
0405930,040593000483,0,0,0,0,1,1
0405930,040593000484,0,0,0,0,1,0
0405930,040593000485,0,0,0,0,1,0
0405930,040593000487,0,0,0,0,1,1
0405930,040593000488,0,0,1,1,1,1
0405930,040593000491,0,0,1,1,1,1
0405930,040593000492,0,0,0,1,1,1
0405930,040593000606,0,0,0,0,1,0
0405930,040593000610,0,0,0,0,1,0
0405930,040593000611,0,0,0,0,1,1
0405930,040593001080,0,0,0,0,1,1
0405930,040593001081,0,0,0,0,1,0
0405930,040593001083,0,0,0,0,1,1
0405930,040593001084,0,0,0,1,1,0
0405930,040593001136,0,0,0,1,1,0
0405930,040593001195,0,0,0,0,1,0
0405930,040593001218,0,0,0,1,0,1
0405930,040593001230,0,0,0,1,1,1
0405930,040593001239,0,0,0,0,1,1
0405930,040593001240,0,0,0,0,1,1
0405930,040593001313,0,0,0,0,1,0
0405930,040593001378,0,0,0,0,1,1
0405930,040593001419,0,0,0,0,0,1
0405930,040593001471,0,0,0,0,1,1
0405930,040593001553,0,0,0,1,1,1
0405930,040593001672,0,0,0,0,1,0
0405930,040593001869,0,0,0,0,1,0
0405930,040593001995,0,0,0,1,1,1
0405930,040593002266,0,0,0,1,1,1
0405930,040593002268,0,0,0,0,1,0
0405930,040593002343,0,0,0,0,1,1
0405930,040593002668,0,0,0,0,1,0
0405930,040593003104,0,0,0,0,1,1
0405930,040593003216,0,0,0,1,0,0
0405930,040593003313,0,0,0,0,1,0
0405930,040593003431,0,0,0,1,1,1
0405980,040598000457,0,0,0,1,1,1
0405980,040598000493,0,0,0,0,1,1
0405980,040598000494,0,0,0,0,1,1
0405980,040598000495,0,0,0,0,1,1
0405980,040598001977,0,0,1,0,1,1
0405980,040598002364,0,0,0,0,0,0
0406000,040600000497,0,0,0,0,0,0
0406030,040603000499,0,0,0,1,0,0
0406070,040607000500,0,0,0,1,0,0
0406070,040607000501,0,0,0,1,0,1
0406070,040607001088,0,0,0,0,0,0
0406070,040607001423,0,0,0,0,0,0
0406070,040607001823,0,0,0,0,0,0
0406070,040607003305,0,0,0,0,0,0
0406120,040612000502,0,1,0,0,1,0
0406150,040615000503,0,0,0,0,0,0
0406210,040621000304,0,0,0,1,1,0
0406210,040621000505,0,0,0,1,1,0
0406210,040621000506,0,0,0,1,1,0
0406210,040621001241,0,0,0,1,1,0
0406210,040621001499,0,0,0,1,0,0
0406210,040621001573,0,0,0,1,1,0
0406210,040621002006,0,0,0,1,1,0
0406210,040621002136,0,0,0,1,1,0
0406210,040621002274,0,0,0,1,1,0
0406210,040621002385,0,0,0,1,1,0
0406210,040621002570,0,0,0,1,1,0
0406210,040621003077,0,0,0,1,1,0
0406250,040625000132,0,0,0,0,1,0
0406250,040625000238,0,0,0,0,1,0
0406250,040625000507,0,0,0,0,1,0
0406250,040625000508,0,0,1,1,1,1
0406250,040625000510,0,0,0,0,1,0
0406250,040625000511,0,1,1,0,1,0
0406250,040625000512,0,0,0,0,1,0
0406250,040625000513,0,0,0,0,1,0
0406250,040625000514,0,0,0,1,1,1
0406250,040625000515,0,0,0,0,1,0
0406250,040625000584,0,0,0,0,1,0
0406250,040625000585,0,0,0,0,1,0
0406250,040625000586,0,0,0,0,1,0
0406250,040625000589,0,0,0,1,1,1
0406250,040625001090,0,0,0,0,1,0
0406250,040625001091,0,0,1,0,1,0
0406250,040625001092,0,0,0,0,1,0
0406250,040625001137,0,0,0,0,1,0
0406250,040625001242,0,0,0,0,1,0
0406250,040625001243,0,0,0,0,1,0
0406250,040625001315,0,0,0,1,1,1
0406250,040625001316,0,0,0,0,1,0
0406250,040625001380,0,0,0,0,1,0
0406250,040625001424,0,0,0,0,1,0
0406250,040625001425,0,1,1,0,1,0
0406250,040625001473,0,0,0,0,1,0
0406250,040625001500,0,0,0,1,1,1
0406250,040625001501,0,0,0,0,1,0
0406250,040625001554,0,1,0,0,1,0
0406250,040625001668,0,1,0,0,1,0
0406250,040625001982,0,0,0,0,1,0
0406250,040625001983,0,0,0,0,1,0
0406250,040625002111,0,0,0,0,1,0
0406250,040625002396,0,0,0,0,0,0
0406250,040625002426,0,0,0,1,1,1
0406250,040625002475,0,0,0,1,0,1
0406250,040625002586,0,0,0,1,1,1
0406250,040625002657,0,0,0,0,1,0
0406250,040625002990,0,0,0,0,1,0
0406250,040625003145,0,0,0,0,1,0
0406250,040625003255,0,0,0,0,1,0
0406250,040625003441,0,0,0,0,1,0
0406250,040625003447,0,0,0,0,0,0
0406300,040630000518,0,1,1,0,1,1
0406300,040630000520,0,0,0,0,1,0
0406300,040630000521,0,1,1,0,1,0
0406300,040630000522,1,1,0,0,1,0
0406300,040630000525,1,1,1,0,1,0
0406300,040630000530,0,1,0,0,1,0
0406300,040630000531,1,1,1,0,1,1
0406300,040630000533,0,1,0,0,1,0
0406300,040630000535,1,1,1,0,1,0
0406300,040630000537,1,1,1,0,1,1
0406300,040630001028,0,0,0,0,1,0
0406300,040630001555,0,0,1,0,1,0
0406300,040630003554,0,0,0,0,1,0
0406300,040630002129,1,0,0,0,1,0
0406330,040633000538,0,0,0,1,1,1
0406330,040633000539,0,0,0,1,1,1
0406330,040633000540,0,0,1,1,1,1
0406330,040633000541,0,0,0,1,0,1
0406330,040633000542,0,0,1,1,1,1
0406330,040633000549,0,0,0,1,1,1
0406330,040633000552,0,0,0,1,0,1
0406330,040633000554,0,0,1,1,1,1
0406330,040633001244,0,0,0,1,1,1
0406330,040633001382,0,0,0,1,0,1
0406330,040633001882,0,0,0,1,1,1
0406330,040633002138,0,0,0,1,0,0
0406330,040633002670,0,0,0,1,0,0
0406330,040633002854,0,1,0,1,1,1
0406330,040633002859,0,0,0,1,0,0
0406330,040633003509,0,0,0,1,0,0
0406330,040633003555,0,0,0,1,0,0
0406360,040636000556,0,1,0,0,0,0
0406440,040644000557,0,0,0,0,0,0
0406440,040644000558,0,0,0,1,0,0
0406440,040644003111,0,0,0,0,0,0
0406440,040644003362,0,0,0,0,0,0
0406510,040651000559,0,0,0,0,0,0
0406580,040658000560,0,0,0,1,0,0
0406580,040658000561,0,0,0,1,0,0
0406580,040658001140,0,0,0,1,0,0
0406580,040658003564,0,0,0,0,0,0
0406630,040663000562,0,0,0,1,0,0
0406730,040673000352,0,0,0,0,0,0
0406730,040673000565,0,0,0,0,1,0
0406730,040673000566,0,0,0,0,1,0
0406730,040673000568,0,0,0,1,1,1
0406730,040673000569,0,0,0,1,1,0
0406730,040673000570,0,0,0,0,1,0
0406730,040673001433,0,0,0,0,1,0
0406740,040674000572,0,0,0,1,1,0
0406740,040674001043,1,0,0,1,1,0
0406740,040674001142,0,0,1,1,1,0
0406780,040678000573,0,0,0,0,0,0
0406780,040678001559,0,0,0,0,0,0
0406810,040681000574,0,0,0,1,1,0
0406810,040681001232,0,0,1,1,1,0
0406810,040681001322,0,0,0,1,1,0
0406810,040681001383,0,0,0,1,1,0
0406810,040681002369,0,0,0,1,1,0
0406810,040681002485,0,0,0,1,0,0
0406810,040681002886,0,0,0,1,0,0
0406810,040681003438,0,0,0,0,0,0
0406810,040681003477,0,0,0,1,0,0
0406850,040685000576,0,0,0,1,1,0
0406850,040685001474,0,0,0,1,1,0
0406870,040687000141,0,0,1,0,0,0
0406870,040687000142,1,0,1,1,0,0
0406870,040687000143,0,0,1,0,0,0
0406870,040687000206,1,0,1,0,0,0
0406870,040687002867,0,0,0,0,0,0
0406900,040690000577,1,0,0,0,0,0
0406960,040696000526,0,0,0,1,0,0
0406960,040696001656,0,1,0,1,0,0
0406960,040696002788,0,0,0,0,0,0
0407020,040702000581,0,0,0,0,1,0
0407020,040702002487,0,0,0,0,0,0
0407020,040702003485,0,0,0,0,1,0
0407080,040708000582,0,0,0,0,0,0
0407080,040708000587,0,0,0,0,0,0
0407080,040708000588,0,0,0,0,0,0
0407080,040708000592,0,0,0,0,0,0
0407080,040708000593,0,0,0,0,0,0
0407080,040708000597,0,0,0,0,0,0
0407080,040708000599,0,0,0,0,0,0
0407080,040708000600,0,0,0,0,1,0
0407080,040708000605,0,0,0,0,0,0
0407080,040708000607,0,0,0,0,0,0
0407080,040708000609,0,0,0,0,0,0
0407080,040708001100,0,0,0,0,0,0
0407080,040708001143,0,0,1,0,0,0
0407080,040708001144,0,0,0,0,0,0
0407080,040708001324,0,0,0,0,0,0
0407080,040708001325,0,0,0,0,0,0
0407080,040708001879,0,0,0,0,0,0
0407080,040708001880,0,0,0,0,0,0
0407080,040708002498,0,0,0,0,0,0
0407080,NA,0,0,0,NA,NA,NA
0407080,NA,0,0,0,NA,NA,NA
0407080,NA,0,0,0,NA,NA,NA
0407080,NA,0,0,0,NA,NA,NA
0407080,NA,0,0,0,NA,NA,NA
0407080,NA,0,0,0,NA,NA,NA
0407080,NA,0,0,0,NA,NA,NA
0407080,NA,0,0,0,NA,NA,NA
0407130,040713000617,0,0,0,1,0,0
0407130,040713001044,0,0,0,1,0,0
0407130,040713001484,1,1,0,1,0,0
0407130,040713003442,0,0,0,0,0,0
0407170,040717000620,0,0,0,0,1,0
0407170,040717002483,0,0,0,1,1,0
0407170,040717002812,0,0,0,0,1,0
0407200,040720000621,0,0,0,1,0,0
0407200,040720001176,0,0,0,0,0,0
0407240,040724000527,0,0,0,1,0,0
0407240,040724000623,0,0,0,0,0,0
0407240,040724000624,1,1,1,1,0,1
0407240,040724001029,0,1,0,0,0,1
0407240,040724001030,0,0,0,0,0,0
0407240,040724002267,0,0,0,0,0,0
0407240,040724003507,0,0,0,0,0,0
0407300,040730000625,0,0,0,1,1,0
0407300,040730000626,0,1,1,1,0,1
0407300,040730000627,0,1,1,1,1,0
0407300,040730000628,0,0,0,1,0,0
0407300,040730002196,0,0,0,1,0,0
0407300,040730002818,0,1,1,1,1,0
0407300,040730003183,1,1,1,1,1,1
0407300,040730003339,1,0,0,1,1,0
0407380,040738000630,0,0,0,0,0,0
0407430,040743000631,0,0,0,0,0,0
0407500,040750000633,0,0,0,0,0,0
0407520,040752000634,0,0,0,1,0,1
0407520,040752000635,0,0,0,0,0,1
0407520,040752000637,0,0,0,1,1,0
0407520,040752001036,0,0,0,1,1,1
0407520,040752002768,0,0,0,1,0,1
0407530,040753000638,0,0,0,1,0,0
0407530,040753002966,0,0,0,0,0,0
0407570,040757000603,0,0,0,1,0,0
0407570,040757000604,0,0,1,1,0,0
0407570,040757000640,0,0,0,1,0,0
0407570,040757000641,0,0,0,1,0,0
0407570,040757000642,0,0,0,0,0,0
0407570,040757000643,0,0,1,1,0,0
0407570,040757000644,0,0,0,1,0,0
0407570,040757000646,0,0,0,0,0,0
0407570,040757000647,0,0,0,0,0,0
0407570,040757000648,0,0,0,1,0,0
0407570,040757000651,0,0,0,0,0,0
0407570,040757000654,0,0,1,1,0,0
0407570,040757000655,0,0,0,0,0,0
0407570,040757000657,0,0,0,0,0,0
0407570,040757000658,0,0,0,0,0,0
0407570,040757000659,0,0,0,1,0,0
0407570,040757000662,0,0,0,0,0,0
0407570,040757000663,0,0,1,1,0,0
0407570,040757000666,0,0,0,0,0,0
0407570,040757001102,0,0,0,0,0,0
0407570,040757001194,0,0,0,1,0,0
0407570,040757001327,0,0,0,0,0,0
0407570,040757001384,0,0,0,0,0,0
0407570,040757001434,0,0,0,0,0,0
0407570,040757001475,0,0,0,0,0,0
0407570,040757001561,0,0,0,1,0,0
0407570,040757001562,0,0,0,1,0,0
0407570,040757001671,0,0,0,0,0,0
0407570,040757002115,0,0,0,1,0,0
0407570,040757003250,0,0,0,0,0,0
0407630,040763000667,0,0,0,0,0,0
0407630,040763000668,0,1,0,0,0,0
0407680,040768000669,0,0,0,0,0,0
0407700,040770000672,0,0,0,0,0,0
0407700,040770000673,1,1,1,1,1,1
0407700,040770000674,0,0,0,1,1,1
0407700,040770001253,0,0,0,0,0,0
0407700,040770001435,1,1,0,0,1,0
0407700,040770001941,0,0,0,0,0,0
0407700,040770003276,0,0,0,0,0,0
0407700,NA,0,0,0,NA,NA,NA
0407750,040775000296,0,0,0,0,1,0
0407750,040775000622,0,0,0,0,1,0
0407750,040775000636,0,0,0,1,1,1
0407750,040775000675,0,1,0,0,1,0
0407750,040775000676,1,1,0,1,1,1
0407750,040775000681,0,0,0,0,1,0
0407750,040775000682,0,0,0,0,1,0
0407750,040775000684,0,0,0,0,1,0
0407750,040775001045,0,0,1,1,1,1
0407750,040775001047,0,0,0,0,1,0
0407750,040775001048,0,1,0,0,1,0
0407750,040775001146,0,0,0,0,1,0
0407750,040775001147,1,1,0,1,1,1
0407750,040775001250,0,0,0,0,1,0
0407750,040775001255,0,0,0,0,1,0
0407750,040775001330,0,1,0,0,1,0
0407750,040775001331,0,0,1,1,1,1
0407750,040775001436,0,0,0,0,1,0
0407750,040775001503,1,1,1,1,1,1
0407750,040775001504,0,0,0,0,1,0
0407750,040775001563,0,0,0,0,1,0
0407750,040775001679,1,0,1,0,1,1
0407750,040775001873,0,0,0,1,1,0
0407750,040775001874,0,0,0,1,1,0
0407750,040775001997,0,0,0,0,1,0
0407750,040775002127,1,0,1,1,1,0
0407750,040775002128,1,1,0,1,1,0
0407750,040775002357,0,0,0,1,1,1
0407750,040775002358,0,1,1,1,1,0
0407750,040775002433,0,0,0,1,1,1
0407750,040775002434,0,0,1,1,1,0
0407750,040775002486,0,0,0,1,1,0
0407750,040775002591,0,0,0,0,0,0
0407750,040775002636,0,1,0,1,1,0
0407750,040775002959,0,0,0,0,1,0
0407750,040775003098,1,1,1,0,1,0
0407750,040775003099,0,0,0,0,1,0
0407750,040775003454,0,0,0,0,1,0
0407750,040775003463,0,0,0,0,1,0
0407770,040777000390,0,0,0,1,NA,0
0407820,040782000331,0,0,0,0,1,0
0407820,040782000692,0,0,0,0,1,0
0407820,040782000694,0,0,0,1,1,0
0407820,040782000695,0,0,1,0,1,0
0407820,040782000696,0,0,0,0,1,0
0407820,040782001938,0,0,0,0,1,0
0407820,040782002543,0,0,0,0,1,0
0407860,040786000697,0,0,0,0,0,0
0407890,040789000698,0,0,0,0,1,0
0407890,040789001256,0,0,0,0,1,0
0407890,040789001565,0,0,1,0,1,0
0407890,040789001566,0,0,0,0,1,0
0407890,040789002568,0,0,0,0,1,0
0407920,040792000699,0,0,0,0,0,0
0408020,040802000700,0,0,0,1,1,0
0408020,040802000701,0,0,0,1,1,0
0408080,040808000702,0,0,0,0,1,0
0408080,040808001049,0,0,0,1,1,0
0408080,040808001105,0,0,1,0,1,0
0408080,040808002871,0,0,0,0,1,0
0408130,040813000705,0,0,0,1,0,0
0408170,040817000153,0,0,0,1,0,0
0408170,040817000706,0,0,1,1,1,0
0408170,040817000710,0,0,1,1,1,0
0408170,040817000715,0,0,0,1,1,0
0408170,040817000719,0,0,0,1,1,0
0408170,040817000723,0,0,0,1,1,0
0408170,040817000727,0,0,1,1,1,0
0408170,040817000735,0,0,1,1,1,0
0408170,040817000739,0,0,1,1,1,0
0408170,040817000743,0,0,1,1,1,0
0408170,040817000751,0,0,0,1,1,0
0408170,040817001106,0,0,0,1,1,0
0408170,040817001149,0,0,1,1,1,0
0408170,040817001177,0,0,1,1,1,0
0408170,040817001386,0,0,0,0,1,0
0408170,040817001438,0,0,0,1,1,0
0408170,040817001612,0,0,0,1,0,0
0408170,040817001613,0,0,1,1,1,0
0408170,040817002549,0,0,1,1,1,0
0408170,040817002849,0,0,1,1,1,0
0408170,040817003316,0,0,0,0,0,0
0408170,040817003500,0,0,1,1,1,0
0408230,040823000758,0,0,0,0,1,0
0408230,040823000759,0,0,0,1,0,0
0408230,040823000760,0,0,0,1,0,0
0408280,040828000761,0,0,0,1,1,0
0408280,040828000762,0,0,0,1,1,0
0408280,040828001150,0,0,0,1,1,0
0408280,040828002550,0,0,1,1,1,0
0408310,040831000763,0,0,0,1,1,0
0408310,040831000764,0,0,1,1,1,0
0408310,040831000765,0,0,1,1,1,0
0408310,040831000767,0,0,0,1,1,0
0408310,040831000768,0,0,1,1,1,1
0408310,040831000769,0,0,0,1,1,0
0408310,040831000773,0,0,0,1,1,0
0408310,040831000775,0,1,1,1,1,1
0408310,040831000776,0,0,0,1,1,0
0408310,040831000777,1,1,0,1,1,0
0408310,040831000778,0,0,1,1,1,0
0408310,040831000782,0,0,0,1,1,0
0408310,040831000783,0,0,1,1,1,0
0408310,040831000785,0,0,0,1,1,0
0408310,040831000786,0,0,0,1,1,0
0408310,040831000787,0,0,0,1,1,0
0408310,040831000789,0,1,0,1,1,0
0408310,040831001107,0,1,1,1,1,1
0408310,040831001258,0,0,0,0,1,0
0408310,040831003112,0,0,0,1,1,0
0408310,040831003397,0,0,0,1,0,0
0408310,NA,0,0,0,NA,NA,NA
0408340,040834000680,0,0,0,1,1,0
0408340,040834000790,0,0,0,1,1,0
0408340,040834000793,0,0,0,1,1,0
0408340,040834000794,0,0,0,1,1,0
0408340,040834000795,0,0,0,1,1,0
0408340,040834001567,0,0,0,1,1,0
0408340,040834001576,0,0,0,1,1,0
0408410,040841000796,0,0,0,0,0,0
0408410,040841000797,0,0,0,0,0,0
0408410,040841000798,0,0,0,0,0,0
0408410,040841001110,0,0,0,1,0,0
0408430,040843000799,0,0,0,0,0,0
0408460,040846000800,0,0,0,0,0,0
0408490,040849001477,0,1,1,1,0,0
0408490,040849001705,0,1,1,1,1,0
0408490,040849002132,0,1,1,1,1,0
0408490,040849002488,0,1,1,1,1,0
0408520,040852000805,0,0,0,1,1,0
0408520,040852001478,0,0,0,1,1,0
0408520,040852002339,0,0,0,1,1,0
0408520,040852002416,0,0,0,1,1,0
0408520,040852002912,0,0,0,1,1,0
0408520,040852003206,0,0,0,1,0,0
0408550,040855000806,0,0,0,0,0,0
0408550,040855003405,0,0,0,0,0,0
0408600,040860000807,1,0,1,1,0,0
0408600,040860000809,0,0,1,1,0,0
0408600,040860000810,0,0,0,1,0,0
0408640,040864001259,0,0,0,0,0,0
0408680,040868000812,0,0,0,1,0,0
0408680,040868000814,0,0,0,1,0,0
0408680,040868000815,0,0,0,0,0,0
0408680,040868001152,0,0,0,0,0,0
0408680,040868001153,0,0,0,0,0,0
0408680,040868001822,0,0,0,1,0,0
0408800,040880000817,0,0,0,1,0,0
0408800,040880000819,0,0,0,1,0,0
0408800,040880000824,0,0,0,1,0,1
0408800,040880000827,0,0,0,1,0,1
0408800,040880000828,0,0,1,1,1,0
0408800,040880000836,0,1,1,1,0,0
0408800,040880000837,0,1,1,1,1,0
0408800,040880000838,0,0,0,0,0,0
0408800,040880000840,0,0,0,1,0,0
0408800,040880000841,1,0,0,1,0,0
0408800,040880000842,0,0,1,1,0,1
0408800,040880000843,0,0,0,1,0,0
0408800,040880000845,0,0,0,1,0,0
0408800,040880000846,0,0,0,1,0,0
0408800,040880000848,0,1,1,1,0,0
0408800,040880000850,0,0,0,1,0,0
0408800,040880000851,0,1,0,1,0,0
0408800,040880000852,0,0,0,1,0,0
0408800,040880000853,0,0,0,1,0,0
0408800,040880000854,0,0,0,1,0,0
0408800,040880000858,0,0,0,1,0,0
0408800,040880000859,0,1,0,1,0,0
0408800,040880000861,0,0,0,1,0,0
0408800,040880000863,0,1,1,1,1,0
0408800,040880000864,0,0,0,1,0,0
0408800,040880000865,0,0,0,1,0,0
0408800,040880000866,0,0,0,1,1,0
0408800,040880000869,0,0,0,1,1,0
0408800,040880000870,0,0,0,1,0,0
0408800,040880000871,0,0,0,1,0,0
0408800,040880000872,1,0,0,1,0,0
0408800,040880000873,0,0,0,1,0,0
0408800,040880000874,0,0,1,1,0,1
0408800,040880000875,0,1,1,1,0,0
0408800,040880000878,0,1,1,1,0,0
0408800,040880000880,0,1,0,1,0,0
0408800,040880000886,0,0,0,1,1,0
0408800,040880000887,0,0,0,1,1,0
0408800,040880000889,0,0,1,1,0,0
0408800,040880000890,0,0,0,1,0,0
0408800,040880000891,0,0,0,1,1,0
0408800,040880000896,0,0,1,1,0,1
0408800,040880000897,0,0,0,1,0,0
0408800,040880000899,0,0,0,1,1,0
0408800,040880000900,0,0,0,1,0,0
0408800,040880000902,0,0,0,0,1,0
0408800,040880000903,0,0,0,1,0,0
0408800,040880000904,0,0,0,1,0,0
0408800,040880000905,0,0,0,1,0,0
0408800,040880000906,0,0,0,1,0,0
0408800,040880000966,0,0,0,1,0,0
0408800,040880000972,0,0,1,1,0,1
0408800,040880001112,0,0,0,1,0,0
0408800,040880001113,0,0,0,1,0,0
0408800,040880001260,0,1,0,1,0,0
0408800,040880001261,0,0,0,1,0,1
0408800,040880001262,0,0,0,1,0,0
0408800,040880001263,0,0,1,1,0,1
0408800,040880001264,0,0,0,1,0,0
0408800,040880001266,1,1,0,1,1,0
0408800,040880001267,0,0,0,1,0,0
0408800,040880001268,0,0,0,1,1,1
0408800,040880001269,0,0,0,1,0,0
0408800,040880001441,0,0,0,1,0,0
0408800,040880001442,0,0,0,1,0,0
0408800,040880001443,0,0,0,1,1,1
0408800,040880001445,0,0,1,1,1,1
0408800,040880001446,0,1,0,1,0,0
0408800,040880001447,0,1,1,1,0,0
0408800,040880001448,0,0,1,1,1,1
0408800,040880001449,0,0,0,1,0,0
0408800,040880001452,0,0,0,1,0,0
0408800,040880001454,0,0,0,1,0,0
0408800,040880001455,1,0,0,1,0,0
0408800,040880001479,0,0,0,1,0,0
0408800,040880001481,0,0,0,1,0,0
0408800,040880001506,0,0,0,1,1,0
0408800,040880001508,0,0,0,1,0,0
0408800,040880001509,0,0,0,1,0,0
0408800,040880001569,0,0,0,1,0,0
0408800,040880001606,0,0,0,1,0,0
0408800,040880002335,0,0,0,0,0,0
0408800,040880002336,0,0,0,1,0,0
0408800,040880002547,0,0,0,0,0,0
0408800,040880003282,0,0,0,1,0,0
0408800,040880003414,0,0,0,1,0,0
0408820,040882000908,0,0,0,1,1,0
0408820,040882002496,0,0,1,1,1,0
0408820,040882002794,0,0,1,1,1,0
0408850,040885000909,0,0,0,0,1,0
0408850,040885001003,0,0,0,0,1,0
0408850,040885001510,0,0,0,0,1,0
0408850,040885001954,0,0,0,0,1,0
0408850,040885001955,0,0,0,1,1,0
0408850,040885001956,0,0,0,0,1,0
0408850,040885002193,0,0,0,0,1,0
0408850,040885002194,0,0,0,0,1,0
0408850,040885002195,0,0,0,1,1,0
0408850,040885002551,0,0,0,0,1,0
0408850,040885002552,0,0,0,1,1,0
0408850,040885002765,0,0,0,0,1,0
0408850,040885002798,0,0,0,0,1,0
0408850,040885002991,0,0,0,0,1,0
0408850,040885003083,0,0,0,0,1,0
0408850,040885003175,0,0,0,1,1,0
0408850,040885003214,0,0,0,0,1,0
0408850,040885003272,0,0,0,1,1,0
0408850,040885003432,0,0,0,0,1,0
0408850,040885003489,0,0,0,0,1,0
0408880,040888000910,0,0,0,0,0,0
0408910,040891000911,0,0,0,1,1,0
0409060,040906000652,0,0,0,0,0,0
0409060,040906000915,0,0,1,0,0,0
0409060,040906000916,0,0,0,0,0,0
0409060,040906000917,0,0,1,0,0,0
0409060,040906000919,0,0,0,0,0,0
0409060,040906000920,0,0,1,0,0,0
0409060,040906000921,0,0,1,0,0,0
0409060,040906000922,0,0,1,0,0,0
0409060,040906000923,0,0,0,0,0,0
0409060,040906000926,0,0,1,0,0,0
0409060,040906000927,0,0,0,0,0,0
0409060,040906000928,0,0,0,0,0,0
0409060,040906000929,0,0,1,0,0,0
0409060,040906000930,0,0,1,0,0,0
0409060,040906000931,0,0,0,0,0,0
0409060,040906000932,0,1,1,0,0,0
0409060,040906000933,0,0,0,0,0,0
0409060,040906000934,0,0,1,0,0,0
0409060,040906000935,0,0,0,0,0,0
0409060,040906000936,0,0,0,0,0,0
0409060,040906000937,0,1,1,0,0,0
0409060,040906000938,0,0,1,0,0,0
0409060,040906000939,0,0,1,0,0,0
0409060,040906000941,0,0,1,0,0,0
0409060,040906000942,0,0,0,0,0,0
0409060,040906000944,0,0,0,0,0,0
0409060,040906000945,0,0,0,0,0,0
0409060,040906000946,0,0,0,0,0,0
0409060,040906000947,0,0,0,0,0,0
0409060,040906001116,0,0,0,0,0,0
0409060,040906001117,0,0,0,0,0,0
0409060,040906001272,0,0,1,0,0,0
0409090,040909000948,0,0,0,0,0,0
0409120,040912000949,0,0,0,0,0,0
0409160,040916000005,0,0,0,1,0,0
0409160,040916000951,0,0,0,0,0,0
0409160,040916000952,0,0,0,1,0,0
0409160,040916001768,0,0,0,0,1,0
0409160,040916002190,0,0,0,0,0,0
0409190,040919000953,0,1,1,1,0,0
0409190,040919000955,0,1,1,1,0,0
0409190,040919001834,0,0,0,1,0,0
0409190,040919002827,0,0,0,1,0,0
0409190,040919003248,0,0,0,0,0,0
0409250,040925000956,0,0,0,1,0,0
0409250,040925000957,0,0,0,1,1,1
0409250,040925000958,0,0,0,1,0,1
0409310,040931000960,0,1,1,1,0,1
0409310,040931001118,0,1,1,0,1,0
0409390,040939000964,0,1,0,1,0,0
0409390,040939001483,0,0,0,1,0,0
0409430,040943000155,0,0,0,0,1,0
0409430,040943000967,0,0,0,1,1,0
0409430,040943000968,0,0,0,1,0,0
0409430,040943000970,0,0,0,1,0,0
0409430,040943001648,0,0,0,1,1,0
0409430,040943002447,0,0,0,1,0,0
0409460,040946000971,0,0,0,1,0,0
0409460,040946000973,0,1,1,1,0,0
0409460,040946000974,0,1,1,1,0,0
0409460,040946000975,0,0,0,1,0,1
0409460,040946000976,0,0,1,1,0,0
0409510,040951000977,0,0,0,1,1,0
0409540,040954000978,0,0,0,0,0,0
0409540,040954001119,0,0,0,0,0,0
0409570,040957000323,0,0,0,0,0,0
0409600,040960000981,0,0,0,0,0,0
0409600,040960000982,0,0,0,1,0,0
0409600,040960000983,0,0,0,0,0,0
0409600,040960000985,0,0,0,1,0,1
0409600,040960000986,0,0,0,1,0,1
0409600,040960000988,0,0,0,1,0,0
0409600,040960000989,0,0,0,0,0,0
0409600,040960000991,0,0,1,1,0,0
0409600,040960000992,0,0,0,1,0,0
0409600,040960000993,0,0,0,1,0,0
0409600,040960000994,0,0,0,1,0,1
0409600,040960000995,0,0,0,1,0,0
0409600,040960001572,0,0,0,0,0,0
0409600,040960001804,0,0,0,1,0,0
0409600,040960001805,0,1,1,1,0,1
0409600,040960002427,0,0,0,1,0,1
0409600,040960002567,0,0,0,1,0,0
0409600,040960003430,0,0,0,0,0,0
0409630,040963000157,1,0,0,1,0,0
0409630,040963000996,0,0,0,1,1,1
0409630,040963000997,1,1,1,1,0,1
0409630,040963001388,0,0,1,1,0,1
0409630,040963002775,0,0,0,1,1,1
0409630,040963003076,1,0,0,1,1,1
0409733,040973301040,0,0,0,1,0,0
0409733,040973301511,0,0,0,1,0,0
0409733,040973301512,0,0,0,1,0,0
0409733,040973303188,0,0,0,0,0,0
0409734,040973401517,0,1,1,1,1,1
NA,NA,NA,NA,NA,0,0,0
NA,NA,NA,NA,NA,1,0,0
0400103,040010301583,NA,NA,NA,1,0,0
0400103,040010302855,NA,NA,NA,1,0,0
0400103,040010302950,NA,NA,NA,1,0,0
0400103,040010301724,NA,NA,NA,1,0,0
0400103,040010302329,NA,NA,NA,1,0,0
0400103,040010302008,NA,NA,NA,1,0,0
0400103,040010302139,NA,NA,NA,1,0,0
NA,NA,NA,NA,NA,0,0,0
NA,NA,NA,NA,NA,1,0,0
NA,NA,NA,NA,NA,0,0,0
NA,NA,NA,NA,NA,1,0,0
NA,NA,NA,NA,NA,1,0,0
NA,NA,NA,NA,NA,1,0,1
NA,NA,NA,NA,NA,0,0,0
NA,NA,NA,NA,NA,0,0,0
NA,NA,NA,NA,NA,0,0,0
NA,NA,NA,NA,NA,0,0,0
NA,NA,NA,NA,NA,0,0,0
NA,NA,NA,NA,NA,0,0,0
NA,NA,NA,NA,NA,0,0,0
NA,NA,NA,NA,NA,0,0,0
NA,NA,NA,NA,NA,0,0,0
NA,NA,NA,NA,NA,0,0,0
NA,NA,NA,NA,NA,0,0,0
NA,NA,NA,NA,NA,0,0,0
